<main>
  <result>SUCCESS</result>
  <premiumShopList>
    <premiumShop>
      <kindNum>1</kindNum>
      <name>훈장버프</name>
      <desc>훈장획득을 영구적으로 증가</desc>
      <minLevel>1</minLevel>
      <maxLevel>30</maxLevel>
      <openGem>500</openGem>
      <upGem>500</upGem>
      <autoOpen>999999</autoOpen>
      <detail>환생시 획득하는 훈장을 영구적으로 증가시켜줍니다. 10%부터 시작해서 레벨이 올라갈때마다 10%씩 증가합니다.</detail>
    </premiumShop>
    <premiumShop>
      <kindNum>2</kindNum>
      <name>던전티켓</name>
      <desc>던전 입장 티켓의 최대치를 증가</desc>
      <minLevel>1</minLevel>
      <maxLevel>5</maxLevel>
      <openGem>500</openGem>
      <upGem>500</upGem>
      <autoOpen>999999</autoOpen>
      <detail>던전에 입장가능한 입장티켓의 최대치를 증가시켜줍니다. 레벨업마다 1개씩 증가해서, 최대 +5까지 증가합니다.</detail>
    </premiumShop>
    <premiumShop>
      <kindNum>3</kindNum>
      <name>던전재료 수집가</name>
      <desc>던전재료 획득을 영구적으로 증가</desc>
      <minLevel>1</minLevel>
      <maxLevel>10</maxLevel>
      <openGem>500</openGem>
      <upGem>500</upGem>
      <autoOpen>999999</autoOpen>
      <detail>던전에서 획득하는 던전재료를 영구적으로 증가시켜줍니다. 10%부터 시작해서 레벨이 올라갈때마다 10%씩 증가합니다.</detail>
    </premiumShop>
    <premiumShop>
      <kindNum>4</kindNum>
      <name>인간의 비술</name>
      <desc>랜덤하게 퀘스트 자동수확</desc>
      <minLevel>1</minLevel>
      <maxLevel>5</maxLevel>
      <openGem>700</openGem>
      <upGem>700</upGem>
      <autoOpen>300</autoOpen>
      <detail>일정 시간마다 첫번째 퀘스트부터 마지막으로 개방한 퀘스트 사이에 있는 퀘스트들 중, 1개를 즉시 완료합니다. 시전시간 간격은 30초부터 시작해서 레벨업마다 5초씩 즐어듭니다.</detail>
    </premiumShop>
    <premiumShop>
      <kindNum>5</kindNum>
      <name>엘프의 비술</name>
      <desc>확률적으로 시나리오를 한판씩 건너뜀</desc>
      <minLevel>1</minLevel>
      <maxLevel>5</maxLevel>
      <openGem>700</openGem>
      <upGem>700</upGem>
      <autoOpen>1000</autoOpen>
      <detail>확률적으로 시나리오 전투를 자동으로 클리어해서, 다음판으로 넘어갑니다. 레벨이 올라갈수록 시전확률이 올라갑니다.</detail>
    </premiumShop>
    <premiumShop>
      <kindNum>6</kindNum>
      <name>언데드의 비술</name>
      <desc>확률적으로 병사가 바로 부활함</desc>
      <minLevel>1</minLevel>
      <maxLevel>5</maxLevel>
      <openGem>700</openGem>
      <upGem>700</upGem>
      <autoOpen>600</autoOpen>
      <detail>확률적으로 시나리오 및 던전 전투에서 아군 병사가 바로 부활할 수 있습니다. 레벨이 올라갈수록 바로 부활할 확률이올라갑니다.</detail>
    </premiumShop>
    <premiumShop>
      <kindNum>7</kindNum>
      <name>오크의 비술</name>
      <desc>스킬의 재사용시간을 단축</desc>
      <minLevel>1</minLevel>
      <maxLevel>5</maxLevel>
      <openGem>700</openGem>
      <upGem>700</upGem>
      <autoOpen>100</autoOpen>
      <detail>스킬의 재사용시간이 단축됩니다. 처음 개방시 10% 감소하고,레벨업마다 5%씩 감소합니다.</detail>
    </premiumShop>
    <premiumShop>
      <kindNum>8</kindNum>
      <name>시간의 상점</name>
      <desc>판매했던 병사를 재구매할 수 있음</desc>
      <minLevel>1</minLevel>
      <maxLevel>1</maxLevel>
      <openGem>10</openGem>
      <upGem>0</upGem>
      <autoOpen>999999</autoOpen>
      <detail>기존에 판매했던 병사들을 다시구매할 수 있습니다.</detail>
    </premiumShop>
    <premiumShop>
      <kindNum>9</kindNum>
      <name>행군의 비약</name>
      <desc>오프라인시 행군 속도증가</desc>
      <minLevel>1</minLevel>
      <maxLevel>10</maxLevel>
      <openGem>700</openGem>
      <upGem>700</upGem>
      <autoOpen>999999</autoOpen>
      <detail>게임을 종료했을때, 스테이지 진행속도를 증가합니다. 레벨당 20%씩 증가합니다. (기본속도는 1분당 1층입니다. )</detail>
    </premiumShop>
    <premiumShop>
      <kindNum>10</kindNum>
      <name>환생전용 팀편성</name>
      <desc>환생전용 팀을 설정하면, 설정된 팀의 버프를 받으면서 환생할 수 있습니다.</desc>
      <minLevel>1</minLevel>
      <maxLevel>1</maxLevel>
      <openGem>3000</openGem>
      <upGem>0</upGem>
      <autoOpen>999999</autoOpen>
      <detail>환생전용 팀으로 설정하면, 환생시 설정된 팀으로 환생할 수 있습니다. ( 예 : 암흑궁병을 환생팀으로 설정해 두면, 실제 팀내에 암흑궁병이 없더라도, 환생시 암흑궁병 버프효과를 적용받을 수 있습니다. )</detail>
    </premiumShop>
    <premiumShop>
      <kindNum>11</kindNum>
      <name>영혼의 휴식</name>
      <desc>게임을 종료하고, 휴식하는 동안 훈장을 획득할 수 있습니다.</desc>
      <minLevel>1</minLevel>
      <maxLevel>1</maxLevel>
      <openGem>0</openGem>
      <upGem>0</upGem>
      <autoOpen>999999</autoOpen>
      <detail>영혼의 휴식은 병사들이 행군을 중지하고, 휴식을 하는 것입니다.
- 휴식을 하는 동안, 훈장을 획득할 수 있습니다.			
- 영혼의 휴식중에도 무한랭킹전, 길드전, 길드레이드, 정령의 고원, 도전의 탑 및 던전에 입장할 수 있습니다.
- 영혼의 휴식을 중지하려면, [ 프리미엄 상점 - 영혼의 휴식 ] 메뉴를 이용하면 됩니다. 
- 영혼의 휴식동안 획득하는 훈장 공식은 아래와 같습니다.	
		
     획득 훈장 = 휴식시간(분) x 분당 훈장개수 x 0.9

- [분당 훈장개수]는 가장 효율이 좋았던 때의 분당 훈장 개수입니다. ( 예를 들어 40분만에 환생해서 훈장 80,000개를 획득하면 효율이 분당 2,000개가 되고, 50분만에 환생해서 훈장을 150,000개 획득하면 효율이 분당 3,000개가 됩니다. )
- 단, 환생 효율은 환생 시간이 20분 이상인 경우에 대해서 적용이 됩니다.
- 4시간 이상 휴식하더라도, [휴식시간]은 최대 4시간까지만 적용됩니다.</detail>
    </premiumShop>
    <premiumShop>
      <kindNum>12</kindNum>
      <name>워프</name>
      <desc>한번에 여러층을 즉시 점프합니다</desc>
      <minLevel>1</minLevel>
      <maxLevel>1</maxLevel>
      <openGem>0</openGem>
      <upGem>0</upGem>
      <autoOpen>999999</autoOpen>
      <detail>한번에 여러층을 즉시 점프합니다</detail>
    </premiumShop>
    <premiumShop>
      <kindNum>13</kindNum>
      <name>종족변경</name>
      <desc>자신의 종족을 변경합니다</desc>
      <minLevel>1</minLevel>
      <maxLevel>1</maxLevel>
      <openGem>0</openGem>
      <upGem>0</upGem>
      <autoOpen>999999</autoOpen>
      <detail>자신의 종족을 변경합니다</detail>
    </premiumShop>
    <premiumShop>
      <kindNum>14</kindNum>
      <name>자동스킬</name>
      <desc>자동으로 액티브스킬을 사용하여, 스테이지를 클리어 합니다.</desc>
      <minLevel>1</minLevel>
      <maxLevel>1</maxLevel>
      <openGem>500</openGem>
      <upGem>500</upGem>
      <autoOpen>999999</autoOpen>
      <detail>자동으로 액티브스킬을 사용하여, 스테이지를 클리어 합니다.</detail>
    </premiumShop>
  </premiumShopList>
  <tribeShopList>
    <tribeShop>
      <kindNum>1</kindNum>
      <tribe>human</tribe>
      <reqFriendShipList>1000|2500|3500|5000|6500|8500|11000|14000|17000|19000|22000</reqFriendShipList>
      <productKindNumList>3|3|3|3|3|3|3|3|3|3|3</productKindNumList>
      <numList>1|1|1|1|1|1|1|1|1|1|1</numList>
    </tribeShop>
    <tribeShop>
      <kindNum>2</kindNum>
      <tribe>elf</tribe>
      <reqFriendShipList>1000|2500|3500|5000|6500|8500|11000|14000|17000|19000|22000</reqFriendShipList>
      <productKindNumList>4|4|4|4|4|4|4|4|4|4|6</productKindNumList>
      <numList>2|2|2|2|2|2|2|2|2|2|1</numList>
    </tribeShop>
    <tribeShop>
      <kindNum>3</kindNum>
      <tribe>undead</tribe>
      <reqFriendShipList>1000|2500|3500|5000|6500|8500|11000|14000|17000|19000|22000</reqFriendShipList>
      <productKindNumList>1|1|1|1|1|1|1|1|1|1|7</productKindNumList>
      <numList>1|1|1|1|1|1|1|1|1|1|1</numList>
    </tribeShop>
    <tribeShop>
      <kindNum>4</kindNum>
      <tribe>orc</tribe>
      <reqFriendShipList>1000|2500|3500|5000|6500|8500|11000|14000|17000|19000|22000</reqFriendShipList>
      <productKindNumList>2|2|2|2|2|2|2|2|2|2|8</productKindNumList>
      <numList>1|1|1|1|1|1|1|1|1|1|1</numList>
    </tribeShop>
    <tribeShop>
      <kindNum>5</kindNum>
      <tribe>all</tribe>
      <reqFriendShipList>2500|5000|7500|10000|12500|15000|17500|20000</reqFriendShipList>
      <productKindNumList>5|5|5|5|5|5|5|5</productKindNumList>
      <numList>1|1|1|1|1|1|1|1</numList>
    </tribeShop>
  </tribeShopList>
  <tribeProductList>
    <tribeProduct>
      <kindNum>1</kindNum>
      <code>TSU</code>
      <desc>TreasureSlotUp</desc>
      <detail>유물슬롯 최대개수 증가</detail>
    </tribeProduct>
    <tribeProduct>
      <kindNum>2</kindNum>
      <code>PSTU</code>
      <desc>PetScenarioTicketUp</desc>
      <detail>정령의 고원 티켓 최대개수 증가</detail>
    </tribeProduct>
    <tribeProduct>
      <kindNum>3</kindNum>
      <code>PRTU</code>
      <desc>PersonRaidTicketUp</desc>
      <detail>마지막 퀘스트 증가</detail>
    </tribeProduct>
    <tribeProduct>
      <kindNum>4</kindNum>
      <code>NOQU</code>
      <desc>NumberOfQuestUp</desc>
      <detail>차원의 전투 최대 티켓 증가</detail>
    </tribeProduct>
    <tribeProduct>
      <kindNum>5</kindNum>
      <code>NOLB</code>
      <desc>NumberOfLimitBreak</desc>
      <detail>유물 한계 돌파 증가</detail>
    </tribeProduct>
    <tribeProduct>
      <kindNum>6</kindNum>
      <code>SREU</code>
      <desc>SpiritRestEfficiencyUp</desc>
      <detail>영혼의휴식 효율 증가</detail>
    </tribeProduct>
    <tribeProduct>
      <kindNum>7</kindNum>
      <code>TSULB</code>
      <desc>TreasureSlotUpAndLimitBreak</desc>
      <detail>유물슬롯 최대개수와 유물 한계돌파 증가</detail>
    </tribeProduct>
    <tribeProduct>
      <kindNum>8</kindNum>
      <code>PSTAU</code>
      <desc>PetScenarioTicketAllUp</desc>
      <detail>정령의 고원 일반/상급 티켓 최대개수 증가</detail>
    </tribeProduct>
  </tribeProductList>
</main>