<main>
  <result>SUCCESS</result>
  <questList>
    <quest>
      <kindNum>1</kindNum>
      <name>기사단 청소</name>
      <duration>1&gt;</duration>
      <openGold>9</openGold>
      <initGold>13</initGold>
      <incGold>7</incGold>
      <upgradeGold>1</upgradeGold>
      <maxLv>200</maxLv>
      <autoGold>3.00E+03</autoGold>
      <autoGem>1</autoGem>
    </quest>
    <quest>
      <kindNum>2</kindNum>
      <name>기사단 무기 손질</name>
      <duration>3&gt;</duration>
      <openGold>110</openGold>
      <initGold>156</initGold>
      <incGold>78</incGold>
      <upgradeGold>9</upgradeGold>
      <maxLv>200</maxLv>
      <autoGold>4.00E+04</autoGold>
      <autoGem>3</autoGem>
    </quest>
    <quest>
      <kindNum>3</kindNum>
      <name>기사단 장비 손질</name>
      <duration>5&gt;</duration>
      <openGold>1600</openGold>
      <initGold>2700</initGold>
      <incGold>1350</incGold>
      <upgradeGold>195</upgradeGold>
      <maxLv>200</maxLv>
      <autoGold>6.00E+05</autoGold>
      <autoGem>5</autoGem>
    </quest>
    <quest>
      <kindNum>4</kindNum>
      <name>차원의 틈새 감시</name>
      <duration>10&gt;</duration>
      <openGold>25100</openGold>
      <initGold>43600</initGold>
      <incGold>21800</incGold>
      <upgradeGold>2900</upgradeGold>
      <maxLv>200</maxLv>
      <autoGold>9.00E+06</autoGold>
      <autoGem>7</autoGem>
    </quest>
    <quest>
      <kindNum>5</kindNum>
      <name>만만한 차원수 처치</name>
      <duration>30&gt;</duration>
      <openGold>401800</openGold>
      <initGold>1100000</initGold>
      <incGold>550000</incGold>
      <upgradeGold>78000</upgradeGold>
      <maxLv>200</maxLv>
      <autoGold>1.00E+08</autoGold>
      <autoGem>10</autoGem>
    </quest>
    <quest>
      <kindNum>6</kindNum>
      <name>사나운 차원수 처치</name>
      <duration>60&gt;</duration>
      <openGold>6.80E+06</openGold>
      <initGold>2.35E+07</initGold>
      <incGold>1.18E+07</incGold>
      <upgradeGold>1.80E+06</upgradeGold>
      <maxLv>200</maxLv>
      <autoGold>2.00E+09</autoGold>
      <autoGem>12</autoGem>
    </quest>
    <quest>
      <kindNum>7</kindNum>
      <name>수정 원석 채굴</name>
      <duration>120&gt;</duration>
      <openGold>1.23E+08</openGold>
      <initGold>5.19E+08</initGold>
      <incGold>2.60E+08</incGold>
      <upgradeGold>3.08E+07</upgradeGold>
      <maxLv>200</maxLv>
      <autoGold>4.00E+10</autoGold>
      <autoGem>15</autoGem>
    </quest>
    <quest>
      <kindNum>8</kindNum>
      <name>차원의 수정 제작</name>
      <duration>180&gt;</duration>
      <openGold>2.30E+09</openGold>
      <initGold>1.55E+10</initGold>
      <incGold>7.75E+09</incGold>
      <upgradeGold>1.15E+09</upgradeGold>
      <maxLv>200</maxLv>
      <autoGold>8.00E+11</autoGold>
      <autoGem>18</autoGem>
    </quest>
    <quest>
      <kindNum>9</kindNum>
      <name>쎄보이는 차원수 처치</name>
      <duration>300&gt;</duration>
      <openGold>4.70E+10</openGold>
      <initGold>4.05E+11</initGold>
      <incGold>2.02E+11</incGold>
      <upgradeGold>2.35E+10</upgradeGold>
      <maxLv>200</maxLv>
      <autoGold>2.00E+13</autoGold>
      <autoGem>25</autoGem>
    </quest>
    <quest>
      <kindNum>10</kindNum>
      <name>강력한 차원수 처치</name>
      <duration>420&gt;</duration>
      <openGold>3.92E+11</openGold>
      <initGold>6.76E+12</initGold>
      <incGold>3.38E+12</incGold>
      <upgradeGold>1.96E+11</upgradeGold>
      <maxLv>200</maxLv>
      <autoGold>2.00E+14</autoGold>
      <autoGem>30</autoGem>
    </quest>
    <quest>
      <kindNum>11</kindNum>
      <name>이계 종족의 침략 방어</name>
      <duration>900&gt;</duration>
      <openGold>2.75E+13</openGold>
      <initGold>5.10E+14</initGold>
      <incGold>2.55E+14</incGold>
      <upgradeGold>1.38E+13</upgradeGold>
      <maxLv>200</maxLv>
      <autoGold>1.65E+16</autoGold>
      <autoGem>35</autoGem>
    </quest>
    <quest>
      <kindNum>12</kindNum>
      <name>차원의 수정 보급</name>
      <duration>30&gt;</duration>
      <openGold>8.96E+14</openGold>
      <initGold>6.79E+13</initGold>
      <incGold>3.40E+13</incGold>
      <upgradeGold>4.48E+14</upgradeGold>
      <maxLv>200</maxLv>
      <autoGold>6.00E+17</autoGold>
      <autoGem>50</autoGem>
    </quest>
    <quest>
      <kindNum>13</kindNum>
      <name>적 수정 채굴지 파괴</name>
      <duration>600&gt;</duration>
      <openGold>1.32E+16</openGold>
      <initGold>6.93E+16</initGold>
      <incGold>3.47E+16</incGold>
      <upgradeGold>6.61E+15</upgradeGold>
      <maxLv>200</maxLv>
      <autoGold>1.06E+19</autoGold>
      <autoGem>60</autoGem>
    </quest>
    <quest>
      <kindNum>14</kindNum>
      <name>거대 차원수 처치</name>
      <duration>1800&gt;</duration>
      <openGold>9.90E+17</openGold>
      <initGold>4.90E+18</initGold>
      <incGold>2.45E+18</incGold>
      <upgradeGold>4.95E+17</upgradeGold>
      <maxLv>200</maxLv>
      <autoGold>9.00E+20</autoGold>
      <autoGem>70</autoGem>
    </quest>
    <quest>
      <kindNum>15</kindNum>
      <name>초거대 차원수 처치</name>
      <duration>10&gt;</duration>
      <openGold>2.95E+19</openGold>
      <initGold>3.32E+18</initGold>
      <incGold>1.66E+18</incGold>
      <upgradeGold>1.48E+19</upgradeGold>
      <maxLv>200</maxLv>
      <autoGold>2.95E+22</autoGold>
      <autoGem>80</autoGem>
    </quest>
    <quest>
      <kindNum>16</kindNum>
      <name>음모의 흑마법사 조사</name>
      <duration>600&gt;</duration>
      <openGold>2.59E+22</openGold>
      <initGold>1.58E+22</initGold>
      <incGold>7.90E+21</incGold>
      <upgradeGold>1.30E+22</upgradeGold>
      <maxLv>200</maxLv>
      <autoGold>4.00E+25</autoGold>
      <autoGem>100</autoGem>
    </quest>
    <quest>
      <kindNum>17</kindNum>
      <name>이계의 흑마법사 처치</name>
      <duration>1800&gt;</duration>
      <openGold>1.20E+25</openGold>
      <initGold>7.33E+24</initGold>
      <incGold>3.67E+24</incGold>
      <upgradeGold>6.00E+24</upgradeGold>
      <maxLv>200</maxLv>
      <autoGold>3.60E+28</autoGold>
      <autoGem>125</autoGem>
    </quest>
    <quest>
      <kindNum>18</kindNum>
      <name>차원 전쟁의 배후 조사</name>
      <duration>3600&gt;</duration>
      <openGold>5.30E+27</openGold>
      <initGold>2.92E+28</initGold>
      <incGold>1.46E+28</incGold>
      <upgradeGold>2.65E+27</upgradeGold>
      <maxLv>200</maxLv>
      <autoGold>3.00E+32</autoGold>
      <autoGem>150</autoGem>
    </quest>
    <quest>
      <kindNum>19</kindNum>
      <name>이계의 군단 처치</name>
      <duration>300&gt;</duration>
      <openGold>2.00E+31</openGold>
      <initGold>3.00E+30</initGold>
      <incGold>1.50E+30</incGold>
      <upgradeGold>1.00E+31</upgradeGold>
      <maxLv>200</maxLv>
      <autoGold>1.00E+36</autoGold>
      <autoGem>175</autoGem>
    </quest>
    <quest>
      <kindNum>20</kindNum>
      <name>이계의 군단장 처치</name>
      <duration>1800&gt;</duration>
      <openGold>3.58E+34</openGold>
      <initGold>2.00E+33</initGold>
      <incGold>1.00E+33</incGold>
      <upgradeGold>1.79E+34</upgradeGold>
      <maxLv>200</maxLv>
      <autoGold>2.00E+39</autoGold>
      <autoGem>200</autoGem>
    </quest>
    <quest>
      <kindNum>21</kindNum>
      <name>이계의 마왕 처치</name>
      <duration>600&gt;</duration>
      <openGold>3.20E+36</openGold>
      <initGold>3.50E+35</initGold>
      <incGold>1.75E+35</incGold>
      <upgradeGold>1.60E+36</upgradeGold>
      <maxLv>200</maxLv>
      <autoGold>2.88E+41</autoGold>
      <autoGem>250</autoGem>
    </quest>
    <quest>
      <kindNum>22</kindNum>
      <name>차원간 평화 사절단 파견</name>
      <duration>60&gt;</duration>
      <openGold>7.30E+39</openGold>
      <initGold>1.50E+38</initGold>
      <incGold>7.50E+37</incGold>
      <upgradeGold>3.65E+39</upgradeGold>
      <maxLv>200</maxLv>
      <autoGold>4.00E+44</autoGold>
      <autoGem>300</autoGem>
    </quest>
    <quest>
      <kindNum>23</kindNum>
      <name>차원의 기사단 창설</name>
      <duration>600&gt;</duration>
      <openGold>1.60E+43</openGold>
      <initGold>1.70E+42</initGold>
      <incGold>8.50E+41</incGold>
      <upgradeGold>8.00E+42</upgradeGold>
      <maxLv>200</maxLv>
      <autoGold>8.00E+47</autoGold>
      <autoGem>350</autoGem>
    </quest>
    <quest>
      <kindNum>24</kindNum>
      <name>1차 차원간 평화협상</name>
      <duration>180&gt;</duration>
      <openGold>8.6E+46</openGold>
      <initGold>6.7E+44</initGold>
      <incGold>3.35E+44</incGold>
      <upgradeGold>4.30E+46</upgradeGold>
      <maxLv>200</maxLv>
      <autoGold>7.74E+51</autoGold>
      <autoGem>400</autoGem>
    </quest>
    <quest>
      <kindNum>25</kindNum>
      <name>2차 차원간 평화협상</name>
      <duration>1200&gt;</duration>
      <openGold>9.2E+52</openGold>
      <initGold>1.3E+50</initGold>
      <incGold>6.5E+49</incGold>
      <upgradeGold>4.60E+52</upgradeGold>
      <maxLv>200</maxLv>
      <autoGold>7.36E+57</autoGold>
      <autoGem>450</autoGem>
    </quest>
    <quest>
      <kindNum>26</kindNum>
      <name>정예 차원수 처치1</name>
      <duration>600&gt;</duration>
      <openGold>9.6E+60</openGold>
      <initGold>2.7E+57</initGold>
      <incGold>1.35E+57</incGold>
      <upgradeGold>4.80E+60</upgradeGold>
      <maxLv>200</maxLv>
      <autoGold>1.44E+66</autoGold>
      <autoGem>500</autoGem>
    </quest>
    <quest>
      <kindNum>27</kindNum>
      <name>정예 차원수 처치2</name>
      <duration>1200&gt;</duration>
      <openGold>2.33E+72</openGold>
      <initGold>2.50E+66</initGold>
      <incGold>1.25E+66</incGold>
      <upgradeGold>1.16E+72</upgradeGold>
      <maxLv>200</maxLv>
      <autoGold>3.05E+78</autoGold>
      <autoGem>550</autoGem>
    </quest>
    <quest>
      <kindNum>28</kindNum>
      <name>E-772 차원의 멸망 조사 1</name>
      <duration>2400&gt;</duration>
      <openGold>2.33E+90</openGold>
      <initGold>2.5E+80</initGold>
      <incGold>1.25E+80</incGold>
      <upgradeGold>1.17E+93</upgradeGold>
      <maxLv>200</maxLv>
      <autoGold>3.05E+98</autoGold>
      <autoGem>600</autoGem>
    </quest>
    <quest>
      <kindNum>29</kindNum>
      <name>황금 기사단의 존재 조사</name>
      <duration>18000&gt;</duration>
      <openGold>2.33E+108</openGold>
      <initGold>2.5E+95</initGold>
      <incGold>1.25E+95</incGold>
      <upgradeGold>1.165E+110</upgradeGold>
      <maxLv>200</maxLv>
      <autoGold>3.05E+118</autoGold>
      <autoGem>650</autoGem>
    </quest>
    <quest>
      <kindNum>30</kindNum>
      <name>E-772 차원의 멸망 조사 2</name>
      <duration>18000&gt;</duration>
      <openGold>3.33E+131</openGold>
      <initGold>3.50E+113</initGold>
      <incGold>1.75E+113</incGold>
      <upgradeGold>1.67E+131</upgradeGold>
      <maxLv>200</maxLv>
      <autoGold>3.05E+139</autoGold>
      <autoGem>700</autoGem>
    </quest>
    <quest>
      <kindNum>31</kindNum>
      <name>고대 파괴신 부활 저지</name>
      <duration>18000&gt;</duration>
      <openGold>1.83E+155</openGold>
      <initGold>1.50E+133</initGold>
      <incGold>7.50E+132</incGold>
      <upgradeGold>9.15E+154</upgradeGold>
      <maxLv>200</maxLv>
      <autoGold>1.05E+165</autoGold>
      <autoGem>750</autoGem>
    </quest>
    <quest>
      <kindNum>32</kindNum>
      <name>차원의 기사단 한계 수련</name>
      <duration>18000&gt;</duration>
      <openGold>1.83E+183</openGold>
      <initGold>1.50E+155</initGold>
      <incGold>7.50E+154</incGold>
      <upgradeGold>9.15E+182</upgradeGold>
      <maxLv>200</maxLv>
      <autoGold>1.05E+191</autoGold>
      <autoGem>800</autoGem>
    </quest>
    <quest>
      <kindNum>33</kindNum>
      <name>신의 기사단 창설</name>
      <duration>18000&gt;</duration>
      <openGold>8.83E+209</openGold>
      <initGold>2.61E+173</initGold>
      <incGold>1.31E+173</incGold>
      <upgradeGold>4.42E+209</upgradeGold>
      <maxLv>200</maxLv>
      <autoGold>3.05E+219</autoGold>
      <autoGem>850</autoGem>
    </quest>
    <quest>
      <kindNum>34</kindNum>
      <name>차원수 대침공 방어</name>
      <duration>18000&gt;</duration>
      <openGold>3.33E+222</openGold>
      <initGold>3.5E+186</initGold>
      <incGold>1.75E+186</incGold>
      <upgradeGold>1.665E+222</upgradeGold>
      <maxLv>200</maxLv>
      <autoGold>1.44E+230</autoGold>
      <autoGem>900</autoGem>
    </quest>
    <quest>
      <kindNum>35</kindNum>
      <name>차원수 결전 함대 건조</name>
      <duration>18000&gt;</duration>
      <openGold>2.33E+242</openGold>
      <initGold>1.50E+204</initGold>
      <incGold>7.500E+203</incGold>
      <upgradeGold>1.165E+242</upgradeGold>
      <maxLv>200</maxLv>
      <autoGold>1.05E+250</autoGold>
      <autoGem>950</autoGem>
    </quest>
    <quest>
      <kindNum>36</kindNum>
      <name>제1차 차원 대전 준비</name>
      <duration>18000&gt;</duration>
      <openGold>4.33E+262</openGold>
      <initGold>2.21E+222</initGold>
      <incGold>1.105E+222</incGold>
      <upgradeGold>2.165E+262</upgradeGold>
      <maxLv>200</maxLv>
      <autoGold>2.05E+270</autoGold>
      <autoGem>1000</autoGem>
    </quest>
    <quest>
      <kindNum>37</kindNum>
      <name>차원수 10억 마리 처치</name>
      <duration>18000&gt;</duration>
      <openGold>8.33E+282</openGold>
      <initGold>2.61E+240</initGold>
      <incGold>1.305E+240</incGold>
      <upgradeGold>4.165E+282</upgradeGold>
      <maxLv>200</maxLv>
      <autoGold>3.05E+290</autoGold>
      <autoGem>1050</autoGem>
    </quest>
    <quest>
      <kindNum>38</kindNum>
      <name>차원수 50억 마리 처치</name>
      <duration>18000&gt;</duration>
      <openGold>4.33E+302</openGold>
      <initGold>2.21E+258</initGold>
      <incGold>1.105E+258</incGold>
      <upgradeGold>2.165E+302</upgradeGold>
      <maxLv>200</maxLv>
      <autoGold>2.05E+310</autoGold>
      <autoGem>1100</autoGem>
    </quest>
    <quest>
      <kindNum>39</kindNum>
      <name>지휘관 차원수 처치</name>
      <duration>18000&gt;</duration>
      <openGold>2.33E+326</openGold>
      <initGold>1.50E+280</initGold>
      <incGold>7.50E+279</incGold>
      <upgradeGold>1.17E+326</upgradeGold>
      <maxLv>200</maxLv>
      <autoGold>3.05E+334</autoGold>
      <autoGem>1150</autoGem>
    </quest>
    <quest>
      <kindNum>40</kindNum>
      <name>신의 기사단장 구출</name>
      <duration>18000&gt;</duration>
      <openGold>8.33E+355</openGold>
      <initGold>2.21E+308</initGold>
      <incGold>1.11E+308</incGold>
      <upgradeGold>4.17E+355</upgradeGold>
      <maxLv>200</maxLv>
      <autoGold>3.05E+364</autoGold>
      <autoGem>1200</autoGem>
    </quest>
    <quest>
      <kindNum>41</kindNum>
      <name>소행성급 차원수 처치1</name>
      <duration>18000&gt;</duration>
      <openGold>7.33E+385</openGold>
      <initGold>2.21E+338</initGold>
      <incGold>1.11E+338</incGold>
      <upgradeGold>3.67E+385</upgradeGold>
      <maxLv>200</maxLv>
      <autoGold>3.05E+394</autoGold>
      <autoGem>1250</autoGem>
    </quest>
    <quest>
      <kindNum>42</kindNum>
      <name>차원수 100억마리 처치</name>
      <duration>259000000&gt;</duration>
      <openGold>2.41E+426</openGold>
      <initGold>2.21E+378</initGold>
      <incGold>1.11E+378</incGold>
      <upgradeGold>2.41E+438</upgradeGold>
      <maxLv>200</maxLv>
      <autoGold>2.05E+435</autoGold>
      <autoGem>1300</autoGem>
    </quest>
    <quest>
      <kindNum>43</kindNum>
      <name>소행성급 차원수 처치2</name>
      <duration>388500000&gt;</duration>
      <openGold>1.55E+456</openGold>
      <initGold>2.42E+407</initGold>
      <incGold>1.21E+407</incGold>
      <upgradeGold>7.76E+468</upgradeGold>
      <maxLv>200</maxLv>
      <autoGold>6.10E+464</autoGold>
      <autoGem>1350</autoGem>
    </quest>
    <quest>
      <kindNum>44</kindNum>
      <name>고대 파괴신 부활! 결전 준비</name>
      <duration>466200000&gt;</duration>
      <openGold>9.62E+491</openGold>
      <initGold>4.21E+443</initGold>
      <incGold>2.11E+443</incGold>
      <upgradeGold>6.80E+504</upgradeGold>
      <maxLv>200</maxLv>
      <autoGold>4.05E+500</autoGold>
      <autoGem>1400</autoGem>
    </quest>
    <quest>
      <kindNum>45</kindNum>
      <name>고대 파괴신 처치</name>
      <duration>606060000&gt;</duration>
      <openGold>5.61E+534</openGold>
      <initGold>2.21E+487</initGold>
      <incGold>1.11E+487</incGold>
      <upgradeGold>7.05E+550</upgradeGold>
      <maxLv>200</maxLv>
      <autoGold>3.05E+543</autoGold>
      <autoGem>1450</autoGem>
    </quest>
  </questList>
</main>