<main>
  <result>SUCCESS</result>
  <slateList>
    <slate>
      <kindNum>1</kindNum>
      <name>강력한 인간병사</name>
      <levelType>6</levelType>
      <numSlot>3</numSlot>
      <kindNumList>1|2|5</kindNumList>
      <teamSkillList>1|28|73|10</teamSkillList>
      <teamSkillValue1>80|410|1070|2390|5030|10310|20870|41990|84230|168710</teamSkillValue1>
      <teamSkillValue2>0|20.62|21.45|22.27|23.1|23.92|24.75|25.57|26.4|27.22</teamSkillValue2>
      <teamSkillValue3>0|0|26.73|27.72|28.71|29.7|30.69|31.68|32.67|33.66</teamSkillValue3>
      <teamSkillValue4>0|0|0|7.59|7.92|8.25|8.58|8.91|9.24|9.57</teamSkillValue4>
      <ownSkillList>13|9</ownSkillList>
      <ownSkillValue1>1|1|1|1|1|1|2|2|2|2</ownSkillValue1>
      <ownSkillValue2>10|20|30|40|50|70|90|110|130|150</ownSkillValue2>
      <ownSkillValue3>0|0|0|0|0|0|0|0|0|0</ownSkillValue3>
    </slate>
    <slate>
      <kindNum>2</kindNum>
      <name>인간 기술 집합체</name>
      <levelType>7</levelType>
      <numSlot>4</numSlot>
      <kindNumList>6|4|9|3</kindNumList>
      <teamSkillList>37|19|73|55</teamSkillList>
      <teamSkillValue1>110|560|1460|3260|6860|14060|28460|57260|114860|230060</teamSkillValue1>
      <teamSkillValue2>0|25.87|27|28.12|29.25|30.37|31.5|32.62|33.75|34.87</teamSkillValue2>
      <teamSkillValue3>0|0|36.45|37.8|39.15|40.5|41.85|43.2|44.55|45.9</teamSkillValue3>
      <teamSkillValue4>0|0|0|9780|20580|42180|85380|171780|344580|690180</teamSkillValue4>
      <ownSkillList>12|10|13</ownSkillList>
      <ownSkillValue1>10|20|30|40|50|60|70|80|90|100</ownSkillValue1>
      <ownSkillValue2>10|20|30|40|50|70|90|110|130|150</ownSkillValue2>
      <ownSkillValue3>0|0|0|0|1|1|1|1|1|2</ownSkillValue3>
    </slate>
    <slate>
      <kindNum>3</kindNum>
      <name>날아올라라 불새여</name>
      <levelType>8</levelType>
      <numSlot>3</numSlot>
      <kindNumList>3|8|7</kindNumList>
      <teamSkillList>1|64|28|73</teamSkillList>
      <teamSkillValue1>80|410|1070|2390|5030|10310|20870|41990|84230|168710</teamSkillValue1>
      <teamSkillValue2>0|820|2140|4780|10060|20620|41740|83980|168460|337420</teamSkillValue2>
      <teamSkillValue3>0|0|21.45|22.27|23.1|23.92|24.75|25.57|26.4|27.22</teamSkillValue3>
      <teamSkillValue4>0|0|0|26.73|27.72|28.71|29.7|30.69|31.68|32.67|33.66</teamSkillValue4>
      <ownSkillList>6|13</ownSkillList>
      <ownSkillValue1>10|20|30|40|50|70|90|110|130|150</ownSkillValue1>
      <ownSkillValue2>0|0|1|1|1|1|1|1|1|2</ownSkillValue2>
      <ownSkillValue3>0|0|0|0|0|0|0|0|0|0</ownSkillValue3>
    </slate>
    <slate>
      <kindNum>4</kindNum>
      <name>로열 인간 패밀리</name>
      <levelType>9</levelType>
      <numSlot>4</numSlot>
      <kindNumList>37|6|4|7</kindNumList>
      <teamSkillList>28|19|73|46</teamSkillList>
      <teamSkillValue1>27|28.12|29.25|30.37|31.5|32.62|33.75|34.87|36|37.12</teamSkillValue1>
      <teamSkillValue2>0|25.87|27|28.12|29.25|30.37|31.5|32.62|33.75|34.87</teamSkillValue2>
      <teamSkillValue3>0|0|36.45|37.8|39.15|40.5|41.85|43.2|44.55|45.9</teamSkillValue3>
      <teamSkillValue4>0|0|0|12.6|13.05|13.5|13.95|14.4|14.85|15.3</teamSkillValue4>
      <ownSkillList>7|12|13</ownSkillList>
      <ownSkillValue1>10|20|30|40|50|70|90|110|130|150</ownSkillValue1>
      <ownSkillValue2>10|20|30|40|50|60|70|80|90|100</ownSkillValue2>
      <ownSkillValue3>0|0|1|1|1|1|1|1|1|2</ownSkillValue3>
    </slate>
    <slate>
      <kindNum>5</kindNum>
      <name>신의 멜로디</name>
      <levelType>10</levelType>
      <numSlot>3</numSlot>
      <kindNumList>37|2|9</kindNumList>
      <teamSkillList>19|73|10|37</teamSkillList>
      <teamSkillValue1>18.15|18.97|19.8|20.62|21.45|22.27|23.1|23.92|24.75|25.57</teamSkillValue1>
      <teamSkillValue2>0|25.74|26.73|27.72|28.71|29.7|30.69|31.68|32.67|33.66</teamSkillValue2>
      <teamSkillValue3>0|0|7.26|7.59|7.92|8.25|8.58|8.91|9.24|9.57</teamSkillValue3>
      <teamSkillValue4>0|0|0|2390|5030|10310|20870|41990|84230|168710</teamSkillValue4>
      <ownSkillList>12|13</ownSkillList>
      <ownSkillValue1>10|20|30|40|50|60|70|80|90|100</ownSkillValue1>
      <ownSkillValue2>0|0|0|0|1|1|1|1|1|2</ownSkillValue2>
      <ownSkillValue3>0|0|0|0|0|0|0|0|0|0</ownSkillValue3>
    </slate>
    <slate>
      <kindNum>6</kindNum>
      <name>인간의 명예를 위하여</name>
      <levelType>11</levelType>
      <numSlot>4</numSlot>
      <kindNumList>42|45|48|52</kindNumList>
      <teamSkillList>28|10|73|1</teamSkillList>
      <teamSkillValue1>27|28.12|29.25|30.37|31.5|32.62|33.75|34.87|36|37.12</teamSkillValue1>
      <teamSkillValue2>0|9.45|9.9|10.35|10.8|11.25|11.7|12.15|12.6|13.05</teamSkillValue2>
      <teamSkillValue3>0|0|36.45|37.8|39.15|40.5|41.85|43.2|44.55|45.9</teamSkillValue3>
      <teamSkillValue4>0|0|0|3260|6860|14060|28460|57260|114860|230060</teamSkillValue4>
      <ownSkillList>12|8|13</ownSkillList>
      <ownSkillValue1>10|20|30|40|50|60|70|80|90|100</ownSkillValue1>
      <ownSkillValue2>10|20|30|40|50|70|90|110|130|150</ownSkillValue2>
      <ownSkillValue3>0|0|1|1|1|1|1|1|1|2</ownSkillValue3>
    </slate>
    <slate>
      <kindNum>7</kindNum>
      <name>민첩한 엘프병사</name>
      <levelType>6</levelType>
      <numSlot>3</numSlot>
      <kindNumList>10|11|14</kindNumList>
      <teamSkillList>2|29|73|11</teamSkillList>
      <teamSkillValue1>80|410|1070|2390|5030|10310|20870|41990|84230|168710</teamSkillValue1>
      <teamSkillValue2>0|20.62|21.45|22.27|23.1|23.92|24.75|25.57|26.4|27.22</teamSkillValue2>
      <teamSkillValue3>0|0|26.73|27.72|28.71|29.7|30.69|31.68|32.67|33.66</teamSkillValue3>
      <teamSkillValue4>0|0|0|7.59|7.92|8.25|8.58|8.91|9.24|9.57</teamSkillValue4>
      <ownSkillList>13|9</ownSkillList>
      <ownSkillValue1>1|1|1|1|1|1|2|2|2|2</ownSkillValue1>
      <ownSkillValue2>10|20|30|40|50|70|90|110|130|150</ownSkillValue2>
      <ownSkillValue3>0|0|0|0|0|0|0|0|0|0</ownSkillValue3>
    </slate>
    <slate>
      <kindNum>8</kindNum>
      <name>엘프 기술 집합체</name>
      <levelType>7</levelType>
      <numSlot>4</numSlot>
      <kindNumList>15|13|18|12</kindNumList>
      <teamSkillList>38|20|73|56</teamSkillList>
      <teamSkillValue1>110|560|1460|3260|6860|14060|28460|57260|114860|230060</teamSkillValue1>
      <teamSkillValue2>0|25.87|27|28.12|29.25|30.37|31.5|32.62|33.75|34.87</teamSkillValue2>
      <teamSkillValue3>0|0|36.45|37.8|39.15|40.5|41.85|43.2|44.55|45.9</teamSkillValue3>
      <teamSkillValue4>0|0|0|9780|20580|42180|85380|171780|344580|690180</teamSkillValue4>
      <ownSkillList>12|10|13</ownSkillList>
      <ownSkillValue1>10|20|30|40|50|60|70|80|90|100</ownSkillValue1>
      <ownSkillValue2>10|20|30|40|50|70|90|110|130|150</ownSkillValue2>
      <ownSkillValue3>0|0|0|0|1|1|1|1|1|2</ownSkillValue3>
    </slate>
    <slate>
      <kindNum>9</kindNum>
      <name>자연의 가호</name>
      <levelType>8</levelType>
      <numSlot>3</numSlot>
      <kindNumList>12|17|16</kindNumList>
      <teamSkillList>2|65|29|73</teamSkillList>
      <teamSkillValue1>80|410|1070|2390|5030|10310|20870|41990|84230|168710</teamSkillValue1>
      <teamSkillValue2>0|820|2140|4780|10060|20620|41740|83980|168460|337420</teamSkillValue2>
      <teamSkillValue3>0|0|21.45|22.27|23.1|23.92|24.75|25.57|26.4|27.22</teamSkillValue3>
      <teamSkillValue4>0|0|0|27.72|28.71|29.7|30.69|31.68|32.67|33.66</teamSkillValue4>
      <ownSkillList>6|13</ownSkillList>
      <ownSkillValue1>10|20|30|40|50|70|90|110|130|150</ownSkillValue1>
      <ownSkillValue2>0|0|1|1|1|1|1|1|1|2</ownSkillValue2>
      <ownSkillValue3>0|0|0|0|0|0|0|0|0|0</ownSkillValue3>
    </slate>
    <slate>
      <kindNum>10</kindNum>
      <name>로열 엘프 패밀리</name>
      <levelType>9</levelType>
      <numSlot>4</numSlot>
      <kindNumList>38|15|13|16</kindNumList>
      <teamSkillList>29|20|73|47</teamSkillList>
      <teamSkillValue1>27|28.12|29.25|30.37|31.5|32.62|33.75|34.87|36|37.12</teamSkillValue1>
      <teamSkillValue2>0|25.87|27|28.12|29.25|30.37|31.5|32.62|33.75|34.87</teamSkillValue2>
      <teamSkillValue3>0|0|36.45|37.8|39.15|40.5|41.85|43.2|44.55|45.9</teamSkillValue3>
      <teamSkillValue4>0|0|0|12.6|13.05|13.5|13.95|14.4|14.85|15.3</teamSkillValue4>
      <ownSkillList>7|12|13</ownSkillList>
      <ownSkillValue1>10|20|30|40|50|70|90|110|130|150</ownSkillValue1>
      <ownSkillValue2>10|20|30|40|50|60|70|80|90|100</ownSkillValue2>
      <ownSkillValue3>0|0|1|1|1|1|1|1|1|2</ownSkillValue3>
    </slate>
    <slate>
      <kindNum>11</kindNum>
      <name>엘프의 멜로디</name>
      <levelType>10</levelType>
      <numSlot>3</numSlot>
      <kindNumList>38|11|18</kindNumList>
      <teamSkillList>20|73|11|38</teamSkillList>
      <teamSkillValue1>18.15|18.97|19.8|20.62|21.45|22.27|23.1|23.92|24.75|25.57</teamSkillValue1>
      <teamSkillValue2>0|25.74|26.73|27.72|28.71|29.7|30.69|31.68|32.67|33.66</teamSkillValue2>
      <teamSkillValue3>0|0|7.26|7.59|7.92|8.25|8.58|8.91|9.24|9.57</teamSkillValue3>
      <teamSkillValue4>0|0|0|2390|5030|10310|20870|41990|84230|168710</teamSkillValue4>
      <ownSkillList>12|13</ownSkillList>
      <ownSkillValue1>10|20|30|40|50|60|70|80|90|100</ownSkillValue1>
      <ownSkillValue2>0|0|0|0|1|1|1|1|1|2</ownSkillValue2>
      <ownSkillValue3>0|0|0|0|0|0|0|0|0|0</ownSkillValue3>
    </slate>
    <slate>
      <kindNum>12</kindNum>
      <name>엘프의 명예를 위하여</name>
      <levelType>11</levelType>
      <numSlot>4</numSlot>
      <kindNumList>43|46|49|53</kindNumList>
      <teamSkillList>29|11|73|2</teamSkillList>
      <teamSkillValue1>27|28.12|29.25|30.37|31.5|32.62|33.75|34.87|36|37.12</teamSkillValue1>
      <teamSkillValue2>0|9.45|9.9|10.35|10.8|11.25|11.7|12.15|12.6|13.05</teamSkillValue2>
      <teamSkillValue3>0|0|36.45|37.8|39.15|40.5|41.85|43.2|44.55|45.9</teamSkillValue3>
      <teamSkillValue4>0|0|0|3260|6860|14060|28460|57260|114860|230060</teamSkillValue4>
      <ownSkillList>12|8|13</ownSkillList>
      <ownSkillValue1>10|20|30|40|50|60|70|80|90|100</ownSkillValue1>
      <ownSkillValue2>10|20|30|40|50|70|90|110|130|150</ownSkillValue2>
      <ownSkillValue3>0|0|1|1|1|1|1|1|1|2</ownSkillValue3>
    </slate>
    <slate>
      <kindNum>13</kindNum>
      <name>공포의 언데드병사</name>
      <levelType>6</levelType>
      <numSlot>3</numSlot>
      <kindNumList>19|20|23</kindNumList>
      <teamSkillList>3|30|73|12</teamSkillList>
      <teamSkillValue1>80|410|1070|2390|5030|10310|20870|41990|84230|168710</teamSkillValue1>
      <teamSkillValue2>0|20.62|21.45|22.27|23.1|23.92|24.75|25.57|26.4|27.22</teamSkillValue2>
      <teamSkillValue3>0|0|26.73|27.72|28.71|29.7|30.69|31.68|32.67|33.66</teamSkillValue3>
      <teamSkillValue4>0|0|0|7.59|7.92|8.25|8.58|8.91|9.24|9.57</teamSkillValue4>
      <ownSkillList>13|9</ownSkillList>
      <ownSkillValue1>1|1|1|1|1|1|2|2|2|2</ownSkillValue1>
      <ownSkillValue2>10|20|30|40|50|70|90|110|130|150</ownSkillValue2>
      <ownSkillValue3>0|0|0|0|0|0|0|0|0|0</ownSkillValue3>
    </slate>
    <slate>
      <kindNum>14</kindNum>
      <name>언데드 기술 집합체</name>
      <levelType>7</levelType>
      <numSlot>4</numSlot>
      <kindNumList>24|22|27|21</kindNumList>
      <teamSkillList>39|21|73|57</teamSkillList>
      <teamSkillValue1>110|560|1460|3260|6860|14060|28460|57260|114860|230060</teamSkillValue1>
      <teamSkillValue2>0|25.87|27|28.12|29.25|30.37|31.5|32.62|33.75|34.87</teamSkillValue2>
      <teamSkillValue3>0|0|36.45|37.8|39.15|40.5|41.85|43.2|44.55|45.9</teamSkillValue3>
      <teamSkillValue4>0|0|0|9780|20580|42180|85380|171780|344580|690180</teamSkillValue4>
      <ownSkillList>12|10|13</ownSkillList>
      <ownSkillValue1>10|20|30|40|50|60|70|80|90|100</ownSkillValue1>
      <ownSkillValue2>10|20|30|40|50|70|90|110|130|150</ownSkillValue2>
      <ownSkillValue3>0|0|0|0|1|1|1|1|1|2</ownSkillValue3>
    </slate>
    <slate>
      <kindNum>15</kindNum>
      <name>언데드의 그림자</name>
      <levelType>8</levelType>
      <numSlot>3</numSlot>
      <kindNumList>21|26|25</kindNumList>
      <teamSkillList>3|66|30|73</teamSkillList>
      <teamSkillValue1>80|410|1070|2390|5030|10310|20870|41990|84230|168710</teamSkillValue1>
      <teamSkillValue2>0|820|2140|4780|10060|20620|41740|83980|168460|337420</teamSkillValue2>
      <teamSkillValue3>0|0|21.45|22.27|23.1|23.92|24.75|25.57|26.4|27.22</teamSkillValue3>
      <teamSkillValue4>0|0|0|27.72|28.71|29.7|30.69|31.68|32.67|33.66</teamSkillValue4>
      <ownSkillList>6|13</ownSkillList>
      <ownSkillValue1>10|20|30|40|50|70|90|110|130|150</ownSkillValue1>
      <ownSkillValue2>0|0|1|1|1|1|1|1|1|2</ownSkillValue2>
      <ownSkillValue3>0|0|0|0|0|0|0|0|0|0</ownSkillValue3>
    </slate>
    <slate>
      <kindNum>16</kindNum>
      <name>로열 언데드 패밀리</name>
      <levelType>9</levelType>
      <numSlot>4</numSlot>
      <kindNumList>39|24|22|25</kindNumList>
      <teamSkillList>30|21|73|48</teamSkillList>
      <teamSkillValue1>27|28.12|29.25|30.37|31.5|32.62|33.75|34.87|36|37.12</teamSkillValue1>
      <teamSkillValue2>0|25.87|27|28.12|29.25|30.37|31.5|32.62|33.75|34.87</teamSkillValue2>
      <teamSkillValue3>0|0|36.45|37.8|39.15|40.5|41.85|43.2|44.55|45.9</teamSkillValue3>
      <teamSkillValue4>0|0|0|12.6|13.05|13.5|13.95|14.4|14.85|15.3</teamSkillValue4>
      <ownSkillList>7|12|13</ownSkillList>
      <ownSkillValue1>10|20|30|40|50|70|90|110|130|150</ownSkillValue1>
      <ownSkillValue2>10|20|30|40|50|60|70|80|90|100</ownSkillValue2>
      <ownSkillValue3>0|0|1|1|1|1|1|1|1|2</ownSkillValue3>
    </slate>
    <slate>
      <kindNum>17</kindNum>
      <name>죽음의 목소리</name>
      <levelType>10</levelType>
      <numSlot>3</numSlot>
      <kindNumList>39|20|27</kindNumList>
      <teamSkillList>21|73|12|39</teamSkillList>
      <teamSkillValue1>18.15|18.97|19.8|20.62|21.45|22.27|23.1|23.92|24.75|25.57</teamSkillValue1>
      <teamSkillValue2>0|25.74|26.73|27.72|28.71|29.7|30.69|31.68|32.67|33.66</teamSkillValue2>
      <teamSkillValue3>0|0|7.26|7.59|7.92|8.25|8.58|8.91|9.24|9.57</teamSkillValue3>
      <teamSkillValue4>0|0|0|2390|5030|10310|20870|41990|84230|168710</teamSkillValue4>
      <ownSkillList>12|13</ownSkillList>
      <ownSkillValue1>10|20|30|40|50|60|70|80|90|100</ownSkillValue1>
      <ownSkillValue2>0|0|0|0|1|1|1|1|1|2</ownSkillValue2>
      <ownSkillValue3>0|0|0|0|0|0|0|0|0|0</ownSkillValue3>
    </slate>
    <slate>
      <kindNum>18</kindNum>
      <name>언데드의 명예를 위하여</name>
      <levelType>11</levelType>
      <numSlot>4</numSlot>
      <kindNumList>44|47|50|54</kindNumList>
      <teamSkillList>30|12|73|3</teamSkillList>
      <teamSkillValue1>27|28.12|29.25|30.37|31.5|32.62|33.75|34.87|36|37.12</teamSkillValue1>
      <teamSkillValue2>0|9.45|9.9|10.35|10.8|11.25|11.7|12.15|12.6|13.05</teamSkillValue2>
      <teamSkillValue3>0|0|36.45|37.8|39.15|40.5|41.85|43.2|44.55|45.9</teamSkillValue3>
      <teamSkillValue4>0|0|0|3260|6860|14060|28460|57260|114860|230060</teamSkillValue4>
      <ownSkillList>12|8|13</ownSkillList>
      <ownSkillValue1>10|20|30|40|50|60|70|80|90|100</ownSkillValue1>
      <ownSkillValue2>10|20|30|40|50|70|90|110|130|150</ownSkillValue2>
      <ownSkillValue3>0|0|1|1|1|1|1|1|1|2</ownSkillValue3>
    </slate>
    <slate>
      <kindNum>19</kindNum>
      <name>용맹한 오크병사</name>
      <levelType>6</levelType>
      <numSlot>3</numSlot>
      <kindNumList>28|29|32</kindNumList>
      <teamSkillList>4|31|73|13</teamSkillList>
      <teamSkillValue1>80|410|1070|2390|5030|10310|20870|41990|84230|168710</teamSkillValue1>
      <teamSkillValue2>0|20.62|21.45|22.27|23.1|23.92|24.75|25.57|26.4|27.22</teamSkillValue2>
      <teamSkillValue3>0|0|26.73|27.72|28.71|29.7|30.69|31.68|32.67|33.66</teamSkillValue3>
      <teamSkillValue4>0|0|0|7.59|7.92|8.25|8.58|8.91|9.24|9.57</teamSkillValue4>
      <ownSkillList>13|9</ownSkillList>
      <ownSkillValue1>1|1|1|1|1|1|2|2|2|2</ownSkillValue1>
      <ownSkillValue2>10|20|30|40|50|70|90|110|130|150</ownSkillValue2>
      <ownSkillValue3>0|0|0|0|0|0|0|0|0|0</ownSkillValue3>
    </slate>
    <slate>
      <kindNum>20</kindNum>
      <name>오크 기술 집합체</name>
      <levelType>7</levelType>
      <numSlot>4</numSlot>
      <kindNumList>33|31|36|30</kindNumList>
      <teamSkillList>40|22|73|58</teamSkillList>
      <teamSkillValue1>110|560|1460|3260|6860|14060|28460|57260|114860|230060</teamSkillValue1>
      <teamSkillValue2>0|25.87|27|28.12|29.25|30.37|31.5|32.62|33.75|34.87</teamSkillValue2>
      <teamSkillValue3>0|0|36.45|37.8|39.15|40.5|41.85|43.2|44.55|45.9</teamSkillValue3>
      <teamSkillValue4>0|0|0|9780|20580|42180|85380|171780|344580|690180</teamSkillValue4>
      <ownSkillList>12|10|13</ownSkillList>
      <ownSkillValue1>10|20|30|40|50|60|70|80|90|100</ownSkillValue1>
      <ownSkillValue2>10|20|30|40|50|70|90|110|130|150</ownSkillValue2>
      <ownSkillValue3>0|0|0|0|1|1|1|1|1|2</ownSkillValue3>
    </slate>
    <slate>
      <kindNum>21</kindNum>
      <name>혹한의 추위</name>
      <levelType>8</levelType>
      <numSlot>3</numSlot>
      <kindNumList>30|35|34</kindNumList>
      <teamSkillList>4|67|31|73</teamSkillList>
      <teamSkillValue1>80|410|1070|2390|5030|10310|20870|41990|84230|168710</teamSkillValue1>
      <teamSkillValue2>0|820|2140|4780|10060|20620|41740|83980|168460|337420</teamSkillValue2>
      <teamSkillValue3>0|0|21.45|22.27|23.1|23.92|24.75|25.57|26.4|27.22</teamSkillValue3>
      <teamSkillValue4>0|0|0|27.72|28.71|29.7|30.69|31.68|32.67|33.66</teamSkillValue4>
      <ownSkillList>6|13</ownSkillList>
      <ownSkillValue1>10|20|30|40|50|70|90|110|130|150</ownSkillValue1>
      <ownSkillValue2>0|0|1|1|1|1|1|1|1|2</ownSkillValue2>
      <ownSkillValue3>0|0|0|0|0|0|0|0|0|0</ownSkillValue3>
    </slate>
    <slate>
      <kindNum>22</kindNum>
      <name>로열 오크 패밀리</name>
      <levelType>9</levelType>
      <numSlot>4</numSlot>
      <kindNumList>41|33|31|34</kindNumList>
      <teamSkillList>31|22|73|49</teamSkillList>
      <teamSkillValue1>27|28.12|29.25|30.37|31.5|32.62|33.75|34.87|36|37.12</teamSkillValue1>
      <teamSkillValue2>0|25.87|27|28.12|29.25|30.37|31.5|32.62|33.75|34.87</teamSkillValue2>
      <teamSkillValue3>0|0|36.45|37.8|39.15|40.5|41.85|43.2|44.55|45.9</teamSkillValue3>
      <teamSkillValue4>0|0|0|12.6|13.05|13.5|13.95|14.4|14.85|15.3</teamSkillValue4>
      <ownSkillList>7|12|13</ownSkillList>
      <ownSkillValue1>10|20|30|40|50|70|90|110|130|150</ownSkillValue1>
      <ownSkillValue2>10|20|30|40|50|60|70|80|90|100</ownSkillValue2>
      <ownSkillValue3>0|0|1|1|1|1|1|1|1|2</ownSkillValue3>
    </slate>
    <slate>
      <kindNum>23</kindNum>
      <name>전장의 함성</name>
      <levelType>10</levelType>
      <numSlot>3</numSlot>
      <kindNumList>41|29|36</kindNumList>
      <teamSkillList>22|73|13|40</teamSkillList>
      <teamSkillValue1>18.15|18.97|19.8|20.62|21.45|22.27|23.1|23.92|24.75|25.57</teamSkillValue1>
      <teamSkillValue2>0|25.74|26.73|27.72|28.71|29.7|30.69|31.68|32.67|33.66</teamSkillValue2>
      <teamSkillValue3>0|0|7.26|7.59|7.92|8.25|8.58|8.91|9.24|9.57</teamSkillValue3>
      <teamSkillValue4>0|0|0|2390|5030|10310|20870|41990|84230|168710</teamSkillValue4>
      <ownSkillList>12|13</ownSkillList>
      <ownSkillValue1>10|20|30|40|50|60|70|80|90|100</ownSkillValue1>
      <ownSkillValue2>0|0|0|0|1|1|1|1|1|2</ownSkillValue2>
      <ownSkillValue3>0|0|0|0|0|0|0|0|0|0</ownSkillValue3>
    </slate>
    <slate>
      <kindNum>24</kindNum>
      <name>오크의 명예를 위하여</name>
      <levelType>11</levelType>
      <numSlot>4</numSlot>
      <kindNumList>40|51|55|59</kindNumList>
      <teamSkillList>31|13|73|4</teamSkillList>
      <teamSkillValue1>27|28.12|29.25|30.37|31.5|32.62|33.75|34.87|36|37.12</teamSkillValue1>
      <teamSkillValue2>0|9.45|9.9|10.35|10.8|11.25|11.7|12.15|12.6|13.05</teamSkillValue2>
      <teamSkillValue3>0|0|36.45|37.8|39.15|40.5|41.85|43.2|44.55|45.9</teamSkillValue3>
      <teamSkillValue4>0|0|0|3260|6860|14060|28460|57260|114860|230060</teamSkillValue4>
      <ownSkillList>12|8|13</ownSkillList>
      <ownSkillValue1>10|20|30|40|50|60|70|80|90|100</ownSkillValue1>
      <ownSkillValue2>10|20|30|40|50|70|90|110|130|150</ownSkillValue2>
      <ownSkillValue3>0|0|1|1|1|1|1|1|1|2</ownSkillValue3>
    </slate>
    <slate>
      <kindNum>25</kindNum>
      <name>붉은 첨탑의 수호자</name>
      <levelType>12</levelType>
      <numSlot>4</numSlot>
      <kindNumList>42|45|68|72</kindNumList>
      <teamSkillList>55|1|73|19</teamSkillList>
      <teamSkillValue1>330|1680|4380|9780|20580|42180|85380|171780|344580|690180</teamSkillValue1>
      <teamSkillValue2>0|560|1460|3260|6860|14060|28460|57260|114860|230060</teamSkillValue2>
      <teamSkillValue3>0|0|36.45|37.8|39.15|40.5|41.85|43.2|44.55|45.9</teamSkillValue3>
      <teamSkillValue4>0|0|0|28.12|29.25|30.37|31.5|32.62|33.75|34.87</teamSkillValue4>
      <ownSkillList>17|9|13</ownSkillList>
      <ownSkillValue1>10|20|30|40|50|60|70|80|90|100</ownSkillValue1>
      <ownSkillValue2>10|20|30|40|50|70|90|110|130|150</ownSkillValue2>
      <ownSkillValue3>0|0|0|0|1|1|1|1|1|2</ownSkillValue3>
    </slate>
    <slate>
      <kindNum>26</kindNum>
      <name>푸른 세계수의 수호자</name>
      <levelType>12</levelType>
      <numSlot>4</numSlot>
      <kindNumList>43|46|69|73</kindNumList>
      <teamSkillList>56|2|73|20</teamSkillList>
      <teamSkillValue1>330|1680|4380|9780|20580|42180|85380|171780|344580|690180</teamSkillValue1>
      <teamSkillValue2>0|560|1460|3260|6860|14060|28460|57260|114860|230060</teamSkillValue2>
      <teamSkillValue3>0|0|36.45|37.8|39.15|40.5|41.85|43.2|44.55|45.9</teamSkillValue3>
      <teamSkillValue4>0|0|0|28.12|29.25|30.37|31.5|32.62|33.75|34.87</teamSkillValue4>
      <ownSkillList>17|10|13</ownSkillList>
      <ownSkillValue1>10|20|30|40|50|60|70|80|90|100</ownSkillValue1>
      <ownSkillValue2>10|20|30|40|50|70|90|110|130|150</ownSkillValue2>
      <ownSkillValue3>0|0|0|0|1|1|1|1|1|2</ownSkillValue3>
    </slate>
    <slate>
      <kindNum>27</kindNum>
      <name>검은 심연의 수호자</name>
      <levelType>12</levelType>
      <numSlot>4</numSlot>
      <kindNumList>44|47|70|74</kindNumList>
      <teamSkillList>57|3|73|21</teamSkillList>
      <teamSkillValue1>330|1680|4380|9780|20580|42180|85380|171780|344580|690180</teamSkillValue1>
      <teamSkillValue2>0|560|1460|3260|6860|14060|28460|57260|114860|230060</teamSkillValue2>
      <teamSkillValue3>0|0|36.45|37.8|39.15|40.5|41.85|43.2|44.55|45.9</teamSkillValue3>
      <teamSkillValue4>0|0|0|28.12|29.25|30.37|31.5|32.62|33.75|34.87</teamSkillValue4>
      <ownSkillList>17|12|13</ownSkillList>
      <ownSkillValue1>10|20|30|40|50|60|70|80|90|100</ownSkillValue1>
      <ownSkillValue2>10|20|30|40|50|60|70|80|90|100</ownSkillValue2>
      <ownSkillValue3>0|0|0|0|1|1|1|1|1|2</ownSkillValue3>
    </slate>
    <slate>
      <kindNum>28</kindNum>
      <name>얼음 첨탑의 수호자</name>
      <levelType>12</levelType>
      <numSlot>4</numSlot>
      <kindNumList>41|40|71|75</kindNumList>
      <teamSkillList>58|4|73|22</teamSkillList>
      <teamSkillValue1>330|1680|4380|9780|20580|42180|85380|171780|344580|690180</teamSkillValue1>
      <teamSkillValue2>0|560|1460|3260|6860|14060|28460|57260|114860|230060</teamSkillValue2>
      <teamSkillValue3>0|0|36.45|37.8|39.15|40.5|41.85|43.2|44.55|45.9</teamSkillValue3>
      <teamSkillValue4>0|0|0|28.12|29.25|30.37|31.5|32.62|33.75|34.87</teamSkillValue4>
      <ownSkillList>17|6|13</ownSkillList>
      <ownSkillValue1>10|20|30|40|50|60|70|80|90|100</ownSkillValue1>
      <ownSkillValue2>10|20|30|40|50|70|90|110|130|150</ownSkillValue2>
      <ownSkillValue3>0|0|0|0|1|1|1|1|1|2</ownSkillValue3>
    </slate>
    <slate>
      <kindNum>29</kindNum>
      <name>군주의 위엄</name>
      <levelType>13</levelType>
      <numSlot>4</numSlot>
      <kindNumList>48|52|76|80</kindNumList>
      <teamSkillList>64|73|37|28</teamSkillList>
      <teamSkillValue1>220|1120|2920|6520|13720|28120|56920|114520|229720|460120</teamSkillValue1>
      <teamSkillValue2>0|35.1|36.45|37.8|39.15|40.5|41.85|43.2|44.55|45.9</teamSkillValue2>
      <teamSkillValue3>0|0|1460|3260|6860|14060|28460|57260|114860|230060</teamSkillValue3>
      <teamSkillValue4>0|0|0|30.37|31.5|32.62|33.75|34.87|36|37.12</teamSkillValue4>
      <ownSkillList>13|17|7</ownSkillList>
      <ownSkillValue1>1|1|1|1|1|1|2|2|2|2</ownSkillValue1>
      <ownSkillValue2>10|20|30|40|50|60|70|80|90|100</ownSkillValue2>
      <ownSkillValue3>10|20|30|40|50|70|90|110|130|150</ownSkillValue3>
    </slate>
    <slate>
      <kindNum>30</kindNum>
      <name>현자의 가르침</name>
      <levelType>13</levelType>
      <numSlot>4</numSlot>
      <kindNumList>49|53|77|81</kindNumList>
      <teamSkillList>65|73|38|29</teamSkillList>
      <teamSkillValue1>220|1120|2920|6520|13720|28120|56920|114520|229720|460120</teamSkillValue1>
      <teamSkillValue2>0|35.1|36.45|37.8|39.15|40.5|41.85|43.2|44.55|45.9</teamSkillValue2>
      <teamSkillValue3>0|0|1460|3260|6860|14060|28460|57260|114860|230060</teamSkillValue3>
      <teamSkillValue4>0|0|0|30.37|31.5|32.62|33.75|34.87|36|37.12</teamSkillValue4>
      <ownSkillList>13|17|8</ownSkillList>
      <ownSkillValue1>1|1|1|1|1|1|2|2|2|2</ownSkillValue1>
      <ownSkillValue2>10|20|30|40|50|60|70|80|90|100</ownSkillValue2>
      <ownSkillValue3>10|20|30|40|50|70|90|110|130|150</ownSkillValue3>
    </slate>
    <slate>
      <kindNum>31</kindNum>
      <name>리치의 유혹</name>
      <levelType>13</levelType>
      <numSlot>4</numSlot>
      <kindNumList>50|54|78|82</kindNumList>
      <teamSkillList>66|73|39|30</teamSkillList>
      <teamSkillValue1>220|1120|2920|6520|13720|28120|56920|114520|229720|460120</teamSkillValue1>
      <teamSkillValue2>0|35.1|36.45|37.8|39.15|40.5|41.85|43.2|44.55|45.9</teamSkillValue2>
      <teamSkillValue3>0|0|1460|3260|6860|14060|28460|57260|114860|230060</teamSkillValue3>
      <teamSkillValue4>0|0|0|30.37|31.5|32.62|33.75|34.87|36|37.12</teamSkillValue4>
      <ownSkillList>13|17|6</ownSkillList>
      <ownSkillValue1>1|1|1|1|1|1|2|2|2|2</ownSkillValue1>
      <ownSkillValue2>10|20|30|40|50|60|70|80|90|100</ownSkillValue2>
      <ownSkillValue3>10|20|30|40|50|70|90|110|130|150</ownSkillValue3>
    </slate>
    <slate>
      <kindNum>32</kindNum>
      <name>족장의 함성</name>
      <levelType>13</levelType>
      <numSlot>4</numSlot>
      <kindNumList>51|55|79|83</kindNumList>
      <teamSkillList>67|73|40|31</teamSkillList>
      <teamSkillValue1>220|1120|2920|6520|13720|28120|56920|114520|229720|460120</teamSkillValue1>
      <teamSkillValue2>0|35.1|36.45|37.8|39.15|40.5|41.85|43.2|44.55|45.9</teamSkillValue2>
      <teamSkillValue3>0|0|1460|3260|6860|14060|28460|57260|114860|230060</teamSkillValue3>
      <teamSkillValue4>0|0|0|30.37|31.5|32.62|33.75|34.87|36|37.12</teamSkillValue4>
      <ownSkillList>13|17|9</ownSkillList>
      <ownSkillValue1>1|1|1|1|1|1|2|2|2|2</ownSkillValue1>
      <ownSkillValue2>10|20|30|40|50|60|70|80|90|100</ownSkillValue2>
      <ownSkillValue3>10|20|30|40|50|70|90|110|130|150</ownSkillValue3>
    </slate>
    <slate>
      <kindNum>33</kindNum>
      <name>두두의 징표</name>
      <levelType>8</levelType>
      <numSlot>4</numSlot>
      <kindNumList>8|48|60|72</kindNumList>
      <teamSkillList>73|10|46|1</teamSkillList>
      <teamSkillValue1>0|0|0|0|0|0|0|0|0|0</teamSkillValue1>
      <teamSkillValue2>0|0|0|0|0|0|0|0|0|0</teamSkillValue2>
      <teamSkillValue3>0|0|0|0|0|0|0|0|0|0</teamSkillValue3>
      <teamSkillValue4>0|0|0|0|0|0|0|0|0|0</teamSkillValue4>
      <ownSkillList>8|10|15</ownSkillList>
      <ownSkillValue1>0|0|0|0|0|0|0|0|0|0</ownSkillValue1>
      <ownSkillValue2>0|0|0|0|0|0|0|0|0|0</ownSkillValue2>
      <ownSkillValue3>0|0|0|0|0|0|0|0|0|0</ownSkillValue3>
    </slate>
    <slate>
      <kindNum>34</kindNum>
      <name>나나의 징표</name>
      <levelType>9</levelType>
      <numSlot>4</numSlot>
      <kindNumList>17|49|61|73</kindNumList>
      <teamSkillList>73|11|47|2</teamSkillList>
      <teamSkillValue1>0|0|0|0|0|0|0|0|0|0</teamSkillValue1>
      <teamSkillValue2>0|0|0|0|0|0|0|0|0|0</teamSkillValue2>
      <teamSkillValue3>0|0|0|0|0|0|0|0|0|0</teamSkillValue3>
      <teamSkillValue4>0|0|0|0|0|0|0|0|0|0</teamSkillValue4>
      <ownSkillList>9|12|15</ownSkillList>
      <ownSkillValue1>0|0|0|0|0|0|0|0|0|0</ownSkillValue1>
      <ownSkillValue2>0|0|0|0|0|0|0|0|0|0</ownSkillValue2>
      <ownSkillValue3>0|0|0|0|0|0|0|0|0|0</ownSkillValue3>
    </slate>
    <slate>
      <kindNum>35</kindNum>
      <name>오니의 징표</name>
      <levelType>6</levelType>
      <numSlot>4</numSlot>
      <kindNumList>26|50|62|74</kindNumList>
      <teamSkillList>73|12|48|3</teamSkillList>
      <teamSkillValue1>0|0|0|0|0|0|0|0|0|0</teamSkillValue1>
      <teamSkillValue2>0|0|0|0|0|0|0|0|0|0</teamSkillValue2>
      <teamSkillValue3>0|0|0|0|0|0|0|0|0|0</teamSkillValue3>
      <teamSkillValue4>0|0|0|0|0|0|0|0|0|0</teamSkillValue4>
      <ownSkillList>10|6|15</ownSkillList>
      <ownSkillValue1>0|0|0|0|0|0|0|0|0|0</ownSkillValue1>
      <ownSkillValue2>0|0|0|0|0|0|0|0|0|0</ownSkillValue2>
      <ownSkillValue3>0|0|0|0|0|0|0|0|0|0</ownSkillValue3>
    </slate>
    <slate>
      <kindNum>36</kindNum>
      <name>레이의 징표</name>
      <levelType>7</levelType>
      <numSlot>4</numSlot>
      <kindNumList>35|51|63|75</kindNumList>
      <teamSkillList>73|13|49|4</teamSkillList>
      <teamSkillValue1>0|0|0|0|0|0|0|0|0|0</teamSkillValue1>
      <teamSkillValue2>0|0|0|0|0|0|0|0|0|0</teamSkillValue2>
      <teamSkillValue3>0|0|0|0|0|0|0|0|0|0</teamSkillValue3>
      <teamSkillValue4>0|0|0|0|0|0|0|0|0|0</teamSkillValue4>
      <ownSkillList>12|7|15</ownSkillList>
      <ownSkillValue1>0|0|0|0|0|0|0|0|0|0</ownSkillValue1>
      <ownSkillValue2>0|0|0|0|0|0|0|0|0|0</ownSkillValue2>
      <ownSkillValue3>0|0|0|0|0|0|0|0|0|0</ownSkillValue3>
    </slate>
    <slate>
      <kindNum>37</kindNum>
      <name>화염의 수호자</name>
      <levelType>13</levelType>
      <numSlot>4</numSlot>
      <kindNumList>48|45|80|84</kindNumList>
      <teamSkillList>1|1|1|1</teamSkillList>
      <teamSkillValue1>0|0|0|0|0|0|0|0|0|0</teamSkillValue1>
      <teamSkillValue2>0|0|0|0|0|0|0|0|0|0</teamSkillValue2>
      <teamSkillValue3>0|0|0|0|0|0|0|0|0|0</teamSkillValue3>
      <teamSkillValue4>0|0|0|0|0|0|0|0|0|0</teamSkillValue4>
      <ownSkillList>12|12|12</ownSkillList>
      <ownSkillValue1>0|0|0|0|0|0|0|0|0|0</ownSkillValue1>
      <ownSkillValue2>0|0|0|0|0|0|0|0|0|0</ownSkillValue2>
      <ownSkillValue3>0|0|0|0|0|0|0|0|0|0</ownSkillValue3>
    </slate>
    <slate>
      <kindNum>38</kindNum>
      <name>바람의 수호자</name>
      <levelType>13</levelType>
      <numSlot>4</numSlot>
      <kindNumList>49|46|81|85</kindNumList>
      <teamSkillList>2|2|2|2</teamSkillList>
      <teamSkillValue1>0|0|0|0|0|0|0|0|0|0</teamSkillValue1>
      <teamSkillValue2>0|0|0|0|0|0|0|0|0|0</teamSkillValue2>
      <teamSkillValue3>0|0|0|0|0|0|0|0|0|0</teamSkillValue3>
      <teamSkillValue4>0|0|0|0|0|0|0|0|0|0</teamSkillValue4>
      <ownSkillList>12|12|12</ownSkillList>
      <ownSkillValue1>0|0|0|0|0|0|0|0|0|0</ownSkillValue1>
      <ownSkillValue2>0|0|0|0|0|0|0|0|0|0</ownSkillValue2>
      <ownSkillValue3>0|0|0|0|0|0|0|0|0|0</ownSkillValue3>
    </slate>
    <slate>
      <kindNum>39</kindNum>
      <name>어둠의 수호자</name>
      <levelType>13</levelType>
      <numSlot>4</numSlot>
      <kindNumList>50|47|82|86</kindNumList>
      <teamSkillList>3|3|3|3</teamSkillList>
      <teamSkillValue1>0|0|0|0|0|0|0|0|0|0</teamSkillValue1>
      <teamSkillValue2>0|0|0|0|0|0|0|0|0|0</teamSkillValue2>
      <teamSkillValue3>0|0|0|0|0|0|0|0|0|0</teamSkillValue3>
      <teamSkillValue4>0|0|0|0|0|0|0|0|0|0</teamSkillValue4>
      <ownSkillList>12|12|12</ownSkillList>
      <ownSkillValue1>0|0|0|0|0|0|0|0|0|0</ownSkillValue1>
      <ownSkillValue2>0|0|0|0|0|0|0|0|0|0</ownSkillValue2>
      <ownSkillValue3>0|0|0|0|0|0|0|0|0|0</ownSkillValue3>
    </slate>
    <slate>
      <kindNum>40</kindNum>
      <name>냉기의 수호자</name>
      <levelType>13</levelType>
      <numSlot>4</numSlot>
      <kindNumList>51|40|83|87</kindNumList>
      <teamSkillList>4|4|4|4</teamSkillList>
      <teamSkillValue1>0|0|0|0|0|0|0|0|0|0</teamSkillValue1>
      <teamSkillValue2>0|0|0|0|0|0|0|0|0|0</teamSkillValue2>
      <teamSkillValue3>0|0|0|0|0|0|0|0|0|0</teamSkillValue3>
      <teamSkillValue4>0|0|0|0|0|0|0|0|0|0</teamSkillValue4>
      <ownSkillList>12|12|12</ownSkillList>
      <ownSkillValue1>0|0|0|0|0|0|0|0|0|0</ownSkillValue1>
      <ownSkillValue2>0|0|0|0|0|0|0|0|0|0</ownSkillValue2>
      <ownSkillValue3>0|0|0|0|0|0|0|0|0|0</ownSkillValue3>
    </slate>
  </slateList>
  <teamSkillList>
    <teamSkill>
      <kindNum>1</kindNum>
      <code>attackDamage</code>
      <subCode>H</subCode>
      <name>공격력 업 (인간병사)</name>
      <desc><![CDATA[인간병사 공격력 증가]]></desc>
      <isPercent>Y</isPercent>
    </teamSkill>
    <teamSkill>
      <kindNum>2</kindNum>
      <code>attackDamage</code>
      <subCode>E</subCode>
      <name>공격력 업 (엘프병사)</name>
      <desc><![CDATA[엘프병사 공격력 증가]]></desc>
      <isPercent>Y</isPercent>
    </teamSkill>
    <teamSkill>
      <kindNum>3</kindNum>
      <code>attackDamage</code>
      <subCode>U</subCode>
      <name>공격력 업 (언데드병사)</name>
      <desc><![CDATA[언데드병사 공격력 증가]]></desc>
      <isPercent>Y</isPercent>
    </teamSkill>
    <teamSkill>
      <kindNum>4</kindNum>
      <code>attackDamage</code>
      <subCode>O</subCode>
      <name>공격력 업 (오크병사)</name>
      <desc><![CDATA[오크병사 공격력 증가]]></desc>
      <isPercent>Y</isPercent>
    </teamSkill>
    <teamSkill>
      <kindNum>5</kindNum>
      <code>attackDamage</code>
      <subCode>A</subCode>
      <name>공격력 업 (모든병사)</name>
      <desc><![CDATA[모든병사 공격력 증가]]></desc>
      <isPercent>Y</isPercent>
    </teamSkill>
    <teamSkill>
      <kindNum>6</kindNum>
      <code>attackDamage</code>
      <subCode>R</subCode>
      <name>공격력 업 (원거리병사)</name>
      <desc><![CDATA[원거리병사 공격력 증가]]></desc>
      <isPercent>Y</isPercent>
    </teamSkill>
    <teamSkill>
      <kindNum>7</kindNum>
      <code>attackDamage</code>
      <subCode>M</subCode>
      <name>공격력 업 (근거리병사)</name>
      <desc><![CDATA[근거리병사 공격력 증가]]></desc>
      <isPercent>Y</isPercent>
    </teamSkill>
    <teamSkill>
      <kindNum>8</kindNum>
      <code>attackDamage</code>
      <subCode>G</subCode>
      <name>공격력 업 (지상병사)</name>
      <desc><![CDATA[지상병사 공격력 증가]]></desc>
      <isPercent>Y</isPercent>
    </teamSkill>
    <teamSkill>
      <kindNum>9</kindNum>
      <code>attackDamage</code>
      <subCode>AR</subCode>
      <name>공격력 업 (공중병사)</name>
      <desc><![CDATA[공중병사 공격력 증가]]></desc>
      <isPercent>Y</isPercent>
    </teamSkill>
    <teamSkill>
      <kindNum>10</kindNum>
      <code>attackSpeed</code>
      <subCode>H</subCode>
      <name>공격속도 업 (인간병사)</name>
      <desc><![CDATA[인간병사 공격속도 증가]]></desc>
      <isPercent>Y</isPercent>
    </teamSkill>
    <teamSkill>
      <kindNum>11</kindNum>
      <code>attackSpeed</code>
      <subCode>E</subCode>
      <name>공격속도 업 (엘프병사)</name>
      <desc><![CDATA[엘프병사 공격속도 증가]]></desc>
      <isPercent>Y</isPercent>
    </teamSkill>
    <teamSkill>
      <kindNum>12</kindNum>
      <code>attackSpeed</code>
      <subCode>U</subCode>
      <name>공격속도 업 (언데드병사)</name>
      <desc><![CDATA[언데드병사 공격속도 증가]]></desc>
      <isPercent>Y</isPercent>
    </teamSkill>
    <teamSkill>
      <kindNum>13</kindNum>
      <code>attackSpeed</code>
      <subCode>O</subCode>
      <name>공격속도 업 (오크병사)</name>
      <desc><![CDATA[오크병사 공격속도 증가]]></desc>
      <isPercent>Y</isPercent>
    </teamSkill>
    <teamSkill>
      <kindNum>14</kindNum>
      <code>attackSpeed</code>
      <subCode>A</subCode>
      <name>공격속도 업 (모든병사)</name>
      <desc><![CDATA[모든병사 공격속도 증가]]></desc>
      <isPercent>Y</isPercent>
    </teamSkill>
    <teamSkill>
      <kindNum>15</kindNum>
      <code>attackSpeed</code>
      <subCode>R</subCode>
      <name>공격속도 업 (원거리병사)</name>
      <desc><![CDATA[원거리병사 공격속도 증가]]></desc>
      <isPercent>Y</isPercent>
    </teamSkill>
    <teamSkill>
      <kindNum>16</kindNum>
      <code>attackSpeed</code>
      <subCode>M</subCode>
      <name>공격속도 업 (근거리병사)</name>
      <desc><![CDATA[근거리병사 공격속도 증가]]></desc>
      <isPercent>Y</isPercent>
    </teamSkill>
    <teamSkill>
      <kindNum>17</kindNum>
      <code>attackSpeed</code>
      <subCode>G</subCode>
      <name>공격속도 업 (지상병사)</name>
      <desc><![CDATA[지상병사 공격속도 증가]]></desc>
      <isPercent>Y</isPercent>
    </teamSkill>
    <teamSkill>
      <kindNum>18</kindNum>
      <code>attackSpeed</code>
      <subCode>AR</subCode>
      <name>공격속도 업 (공중병사)</name>
      <desc><![CDATA[공중병사 공격속도 증가]]></desc>
      <isPercent>Y</isPercent>
    </teamSkill>
    <teamSkill>
      <kindNum>19</kindNum>
      <code>attackRange</code>
      <subCode>H</subCode>
      <name>공격거리 업 (인간병사)</name>
      <desc><![CDATA[인간병사 공격거리 증가]]></desc>
      <isPercent>Y</isPercent>
    </teamSkill>
    <teamSkill>
      <kindNum>20</kindNum>
      <code>attackRange</code>
      <subCode>E</subCode>
      <name>공격거리 업 (엘프병사)</name>
      <desc><![CDATA[엘프병사 공격거리 증가]]></desc>
      <isPercent>Y</isPercent>
    </teamSkill>
    <teamSkill>
      <kindNum>21</kindNum>
      <code>attackRange</code>
      <subCode>U</subCode>
      <name>공격거리 업 (언데드병사)</name>
      <desc><![CDATA[언데드병사 공격거리 증가]]></desc>
      <isPercent>Y</isPercent>
    </teamSkill>
    <teamSkill>
      <kindNum>22</kindNum>
      <code>attackRange</code>
      <subCode>O</subCode>
      <name>공격거리 업 (오크병사)</name>
      <desc><![CDATA[오크병사 공격거리 증가]]></desc>
      <isPercent>Y</isPercent>
    </teamSkill>
    <teamSkill>
      <kindNum>23</kindNum>
      <code>attackRange</code>
      <subCode>A</subCode>
      <name>공격거리 업 (모든병사)</name>
      <desc><![CDATA[모든병사 공격거리 증가]]></desc>
      <isPercent>Y</isPercent>
    </teamSkill>
    <teamSkill>
      <kindNum>24</kindNum>
      <code>attackRange</code>
      <subCode>R</subCode>
      <name>공격거리 업 (원거리병사)</name>
      <desc><![CDATA[원거리병사 공격거리 증가]]></desc>
      <isPercent>Y</isPercent>
    </teamSkill>
    <teamSkill>
      <kindNum>25</kindNum>
      <code>attackRange</code>
      <subCode>M</subCode>
      <name>공격거리 업 (근거리병사)</name>
      <desc><![CDATA[근거리병사 공격거리 증가]]></desc>
      <isPercent>Y</isPercent>
    </teamSkill>
    <teamSkill>
      <kindNum>26</kindNum>
      <code>attackRange</code>
      <subCode>G</subCode>
      <name>공격거리 업 (지상병사)</name>
      <desc><![CDATA[지상병사 공격거리 증가]]></desc>
      <isPercent>Y</isPercent>
    </teamSkill>
    <teamSkill>
      <kindNum>27</kindNum>
      <code>attackRange</code>
      <subCode>AR</subCode>
      <name>공격거리 업 (공중병사)</name>
      <desc><![CDATA[공중병사 공격거리 증가]]></desc>
      <isPercent>Y</isPercent>
    </teamSkill>
    <teamSkill>
      <kindNum>28</kindNum>
      <code>moveSpeed</code>
      <subCode>H</subCode>
      <name>이동속도 업 (인간병사)</name>
      <desc><![CDATA[인간병사 이동속도 증가]]></desc>
      <isPercent>Y</isPercent>
    </teamSkill>
    <teamSkill>
      <kindNum>29</kindNum>
      <code>moveSpeed</code>
      <subCode>E</subCode>
      <name>이동속도 업 (엘프병사)</name>
      <desc><![CDATA[엘프병사 이동속도 증가]]></desc>
      <isPercent>Y</isPercent>
    </teamSkill>
    <teamSkill>
      <kindNum>30</kindNum>
      <code>moveSpeed</code>
      <subCode>U</subCode>
      <name>이동속도 업 (언데드병사)</name>
      <desc><![CDATA[언데드병사 이동속도 증가]]></desc>
      <isPercent>Y</isPercent>
    </teamSkill>
    <teamSkill>
      <kindNum>31</kindNum>
      <code>moveSpeed</code>
      <subCode>O</subCode>
      <name>이동속도 업 (오크병사)</name>
      <desc><![CDATA[오크병사 이동속도 증가]]></desc>
      <isPercent>Y</isPercent>
    </teamSkill>
    <teamSkill>
      <kindNum>32</kindNum>
      <code>moveSpeed</code>
      <subCode>A</subCode>
      <name>이동속도 업 (모든병사)</name>
      <desc><![CDATA[모든병사 이동속도 증가]]></desc>
      <isPercent>Y</isPercent>
    </teamSkill>
    <teamSkill>
      <kindNum>33</kindNum>
      <code>moveSpeed</code>
      <subCode>R</subCode>
      <name>이동속도 업 (원거리병사)</name>
      <desc><![CDATA[원거리병사 이동속도 증가]]></desc>
      <isPercent>Y</isPercent>
    </teamSkill>
    <teamSkill>
      <kindNum>34</kindNum>
      <code>moveSpeed</code>
      <subCode>M</subCode>
      <name>이동속도 업 (근거리병사)</name>
      <desc><![CDATA[근거리병사 이동속도 증가]]></desc>
      <isPercent>Y</isPercent>
    </teamSkill>
    <teamSkill>
      <kindNum>35</kindNum>
      <code>moveSpeed</code>
      <subCode>G</subCode>
      <name>이동속도 업 (지상병사)</name>
      <desc><![CDATA[지상병사 이동속도 증가]]></desc>
      <isPercent>Y</isPercent>
    </teamSkill>
    <teamSkill>
      <kindNum>36</kindNum>
      <code>moveSpeed</code>
      <subCode>AR</subCode>
      <name>이동속도 업 (공중병사)</name>
      <desc><![CDATA[공중병사 이동속도 증가]]></desc>
      <isPercent>Y</isPercent>
    </teamSkill>
    <teamSkill>
      <kindNum>37</kindNum>
      <code>criticalDamage</code>
      <subCode>H</subCode>
      <name>치명타 데미지 업 (인간병사)</name>
      <desc><![CDATA[인간병사 치명타 데미지 증가]]></desc>
      <isPercent>Y</isPercent>
    </teamSkill>
    <teamSkill>
      <kindNum>38</kindNum>
      <code>criticalDamage</code>
      <subCode>E</subCode>
      <name>치명타 데미지 업 (엘프병사)</name>
      <desc><![CDATA[엘프병사 치명타 데미지 증가]]></desc>
      <isPercent>Y</isPercent>
    </teamSkill>
    <teamSkill>
      <kindNum>39</kindNum>
      <code>criticalDamage</code>
      <subCode>U</subCode>
      <name>치명타 데미지 업 (언데드병사)</name>
      <desc><![CDATA[언데드병사 치명타 데미지 증가]]></desc>
      <isPercent>Y</isPercent>
    </teamSkill>
    <teamSkill>
      <kindNum>40</kindNum>
      <code>criticalDamage</code>
      <subCode>O</subCode>
      <name>치명타 데미지 업 (오크병사)</name>
      <desc><![CDATA[오크병사 치명타 데미지 증가]]></desc>
      <isPercent>Y</isPercent>
    </teamSkill>
    <teamSkill>
      <kindNum>41</kindNum>
      <code>criticalDamage</code>
      <subCode>A</subCode>
      <name>치명타 데미지 업 (모든병사)</name>
      <desc><![CDATA[모든병사 치명타 데미지 증가]]></desc>
      <isPercent>Y</isPercent>
    </teamSkill>
    <teamSkill>
      <kindNum>42</kindNum>
      <code>criticalDamage</code>
      <subCode>R</subCode>
      <name>치명타 데미지 업 (원거리병사)</name>
      <desc><![CDATA[원거리병사 치명타 데미지 증가]]></desc>
      <isPercent>Y</isPercent>
    </teamSkill>
    <teamSkill>
      <kindNum>43</kindNum>
      <code>criticalDamage</code>
      <subCode>M</subCode>
      <name>치명타 데미지 업 (근거리병사)</name>
      <desc><![CDATA[근거리병사 치명타 데미지 증가]]></desc>
      <isPercent>Y</isPercent>
    </teamSkill>
    <teamSkill>
      <kindNum>44</kindNum>
      <code>criticalDamage</code>
      <subCode>G</subCode>
      <name>치명타 데미지 업 (지상병사)</name>
      <desc><![CDATA[지상병사 치명타 데미지 증가]]></desc>
      <isPercent>Y</isPercent>
    </teamSkill>
    <teamSkill>
      <kindNum>45</kindNum>
      <code>criticalDamage</code>
      <subCode>AR</subCode>
      <name>치명타 데미지 업 (공중병사)</name>
      <desc><![CDATA[공중병사 치명타 데미지 증가]]></desc>
      <isPercent>Y</isPercent>
    </teamSkill>
    <teamSkill>
      <kindNum>46</kindNum>
      <code>criticalPercent</code>
      <subCode>H</subCode>
      <name>치명타 확률 업 (인간병사)</name>
      <desc><![CDATA[인간병사 치명타 확률 증가]]></desc>
      <isPercent>Y</isPercent>
    </teamSkill>
    <teamSkill>
      <kindNum>47</kindNum>
      <code>criticalPercent</code>
      <subCode>E</subCode>
      <name>치명타 확률 업 (엘프병사)</name>
      <desc><![CDATA[엘프병사 치명타 확률 증가]]></desc>
      <isPercent>Y</isPercent>
    </teamSkill>
    <teamSkill>
      <kindNum>48</kindNum>
      <code>criticalPercent</code>
      <subCode>U</subCode>
      <name>치명타 확률 업 (언데드병사)</name>
      <desc><![CDATA[언데드병사 치명타 확률 증가]]></desc>
      <isPercent>Y</isPercent>
    </teamSkill>
    <teamSkill>
      <kindNum>49</kindNum>
      <code>criticalPercent</code>
      <subCode>O</subCode>
      <name>치명타 확률 업 (오크병사)</name>
      <desc><![CDATA[오크병사 치명타 확률 증가]]></desc>
      <isPercent>Y</isPercent>
    </teamSkill>
    <teamSkill>
      <kindNum>50</kindNum>
      <code>criticalPercent</code>
      <subCode>A</subCode>
      <name>치명타 확률 업 (모든병사)</name>
      <desc><![CDATA[모든병사 치명타 확률 증가]]></desc>
      <isPercent>Y</isPercent>
    </teamSkill>
    <teamSkill>
      <kindNum>51</kindNum>
      <code>criticalPercent</code>
      <subCode>R</subCode>
      <name>치명타 확률 업 (원거리병사)</name>
      <desc><![CDATA[원거리병사 치명타 확률 증가]]></desc>
      <isPercent>Y</isPercent>
    </teamSkill>
    <teamSkill>
      <kindNum>52</kindNum>
      <code>criticalPercent</code>
      <subCode>M</subCode>
      <name>치명타 확률 업 (근거리병사)</name>
      <desc><![CDATA[근거리병사 치명타 확률 증가]]></desc>
      <isPercent>Y</isPercent>
    </teamSkill>
    <teamSkill>
      <kindNum>53</kindNum>
      <code>criticalPercent</code>
      <subCode>G</subCode>
      <name>치명타 확률 업 (지상병사)</name>
      <desc><![CDATA[지상병사 치명타 확률 증가]]></desc>
      <isPercent>Y</isPercent>
    </teamSkill>
    <teamSkill>
      <kindNum>54</kindNum>
      <code>criticalPercent</code>
      <subCode>AR</subCode>
      <name>치명타 확률 업 (공중병사)</name>
      <desc><![CDATA[공중병사 치명타 확률 증가]]></desc>
      <isPercent>Y</isPercent>
    </teamSkill>
    <teamSkill>
      <kindNum>55</kindNum>
      <code>health</code>
      <subCode>H</subCode>
      <name>체력 업 (인간병사)</name>
      <desc><![CDATA[인간병사 체력 증가]]></desc>
      <isPercent>Y</isPercent>
    </teamSkill>
    <teamSkill>
      <kindNum>56</kindNum>
      <code>health</code>
      <subCode>E</subCode>
      <name>체력 업 (엘프병사)</name>
      <desc><![CDATA[엘프병사 체력 증가]]></desc>
      <isPercent>Y</isPercent>
    </teamSkill>
    <teamSkill>
      <kindNum>57</kindNum>
      <code>health</code>
      <subCode>U</subCode>
      <name>체력 업 (언데드병사)</name>
      <desc><![CDATA[언데드병사 체력 증가]]></desc>
      <isPercent>Y</isPercent>
    </teamSkill>
    <teamSkill>
      <kindNum>58</kindNum>
      <code>health</code>
      <subCode>O</subCode>
      <name>체력 업 (오크병사)</name>
      <desc><![CDATA[오크병사 체력 증가]]></desc>
      <isPercent>Y</isPercent>
    </teamSkill>
    <teamSkill>
      <kindNum>59</kindNum>
      <code>health</code>
      <subCode>A</subCode>
      <name>체력 업 (모든병사)</name>
      <desc><![CDATA[모든병사 체력 증가]]></desc>
      <isPercent>Y</isPercent>
    </teamSkill>
    <teamSkill>
      <kindNum>60</kindNum>
      <code>health</code>
      <subCode>R</subCode>
      <name>체력 업 (원거리병사)</name>
      <desc><![CDATA[원거리병사 체력 증가]]></desc>
      <isPercent>Y</isPercent>
    </teamSkill>
    <teamSkill>
      <kindNum>61</kindNum>
      <code>health</code>
      <subCode>M</subCode>
      <name>체력 업 (근거리병사)</name>
      <desc><![CDATA[근거리병사 체력 증가]]></desc>
      <isPercent>Y</isPercent>
    </teamSkill>
    <teamSkill>
      <kindNum>62</kindNum>
      <code>health</code>
      <subCode>G</subCode>
      <name>체력 업 (지상병사)</name>
      <desc><![CDATA[지상병사 체력 증가]]></desc>
      <isPercent>Y</isPercent>
    </teamSkill>
    <teamSkill>
      <kindNum>63</kindNum>
      <code>health</code>
      <subCode>AR</subCode>
      <name>체력 업 (공중병사)</name>
      <desc><![CDATA[공중병사 체력 증가]]></desc>
      <isPercent>Y</isPercent>
    </teamSkill>
    <teamSkill>
      <kindNum>64</kindNum>
      <code>defense</code>
      <subCode>H</subCode>
      <name>방어력 업 (인간병사)</name>
      <desc><![CDATA[인간병사 방어력 증가]]></desc>
      <isPercent>Y</isPercent>
    </teamSkill>
    <teamSkill>
      <kindNum>65</kindNum>
      <code>defense</code>
      <subCode>E</subCode>
      <name>방어력 업 (엘프병사)</name>
      <desc><![CDATA[엘프병사 방어력 증가]]></desc>
      <isPercent>Y</isPercent>
    </teamSkill>
    <teamSkill>
      <kindNum>66</kindNum>
      <code>defense</code>
      <subCode>U</subCode>
      <name>방어력 업 (언데드병사)</name>
      <desc><![CDATA[언데드병사 방어력 증가]]></desc>
      <isPercent>Y</isPercent>
    </teamSkill>
    <teamSkill>
      <kindNum>67</kindNum>
      <code>defense</code>
      <subCode>O</subCode>
      <name>방어력 업 (오크병사)</name>
      <desc><![CDATA[오크병사 방어력 증가]]></desc>
      <isPercent>Y</isPercent>
    </teamSkill>
    <teamSkill>
      <kindNum>68</kindNum>
      <code>defense</code>
      <subCode>A</subCode>
      <name>방어력 업 (모든병사)</name>
      <desc><![CDATA[모든병사 방어력 증가]]></desc>
      <isPercent>Y</isPercent>
    </teamSkill>
    <teamSkill>
      <kindNum>69</kindNum>
      <code>defense</code>
      <subCode>R</subCode>
      <name>방어력 업 (원거리병사)</name>
      <desc><![CDATA[원거리병사 방어력 증가]]></desc>
      <isPercent>Y</isPercent>
    </teamSkill>
    <teamSkill>
      <kindNum>70</kindNum>
      <code>defense</code>
      <subCode>M</subCode>
      <name>방어력 업 (근거리병사)</name>
      <desc><![CDATA[근거리병사 방어력 증가]]></desc>
      <isPercent>Y</isPercent>
    </teamSkill>
    <teamSkill>
      <kindNum>71</kindNum>
      <code>defense</code>
      <subCode>G</subCode>
      <name>방어력 업 (지상병사)</name>
      <desc><![CDATA[지상병사 방어력 증가]]></desc>
      <isPercent>Y</isPercent>
    </teamSkill>
    <teamSkill>
      <kindNum>72</kindNum>
      <code>defense</code>
      <subCode>AR</subCode>
      <name>방어력 업 (공중병사)</name>
      <desc><![CDATA[공중병사 방어력 증가]]></desc>
      <isPercent>Y</isPercent>
    </teamSkill>
    <teamSkill>
      <kindNum>73</kindNum>
      <code>gameSpeed</code>
      <subCode>A</subCode>
      <name>게임 기본배속 증가</name>
      <desc><![CDATA[게임 기본배속 증가]]></desc>
      <isPercent>Y</isPercent>
    </teamSkill>
  </teamSkillList>
  <ownSkillList>
    <ownSkill>
      <kindNum>1</kindNum>
      <code>tribeFriendShip</code>
      <subCode>H</subCode>
      <name>종족우호도 증가 (인간)</name>
      <desc><![CDATA[인간 종족 우호도 증가]]></desc>
      <isPercent>Y</isPercent>
    </ownSkill>
    <ownSkill>
      <kindNum>2</kindNum>
      <code>tribeFriendShip</code>
      <subCode>E</subCode>
      <name>종족우호도 증가 (엘프)</name>
      <desc><![CDATA[엘프 종족 우호도 증가]]></desc>
      <isPercent>Y</isPercent>
    </ownSkill>
    <ownSkill>
      <kindNum>3</kindNum>
      <code>tribeFriendShip</code>
      <subCode>U</subCode>
      <name>종족우호도 증가 (언데드)</name>
      <desc><![CDATA[언데드 종족 우호도 증가]]></desc>
      <isPercent>Y</isPercent>
    </ownSkill>
    <ownSkill>
      <kindNum>4</kindNum>
      <code>tribeFriendShip</code>
      <subCode>O</subCode>
      <name>종족우호도 증가 (오크)</name>
      <desc><![CDATA[오크 종족 우호도 증가]]></desc>
      <isPercent>Y</isPercent>
    </ownSkill>
    <ownSkill>
      <kindNum>5</kindNum>
      <code>tribeFriendShip</code>
      <subCode>A</subCode>
      <name>종족우호도 증가 (전체)</name>
      <desc><![CDATA[모든 종족 우호도 증가]]></desc>
      <isPercent>Y</isPercent>
    </ownSkill>
    <ownSkill>
      <kindNum>6</kindNum>
      <code>questGoldGain</code>
      <subCode>A</subCode>
      <name>퀘스트 골드획득 증가</name>
      <desc><![CDATA[퀘스트 골드획득 증가]]></desc>
      <isPercent>Y</isPercent>
    </ownSkill>
    <ownSkill>
      <kindNum>7</kindNum>
      <code>questOpenGold</code>
      <subCode>A</subCode>
      <name>퀘스트 오픈비용 감소</name>
      <desc><![CDATA[퀘스트 오픈비용 감소]]></desc>
      <isPercent>Y</isPercent>
    </ownSkill>
    <ownSkill>
      <kindNum>8</kindNum>
      <code>questCompleteTime</code>
      <subCode>A</subCode>
      <name>퀘스트 시간단축</name>
      <desc><![CDATA[퀘스트 시간단축]]></desc>
      <isPercent>Y</isPercent>
    </ownSkill>
    <ownSkill>
      <kindNum>9</kindNum>
      <code>questUpgradeGold</code>
      <subCode>A</subCode>
      <name>퀘스트 업그레이드 비용 감소</name>
      <desc><![CDATA[퀘스트 업그레이드 비용 감소]]></desc>
      <isPercent>Y</isPercent>
    </ownSkill>
    <ownSkill>
      <kindNum>10</kindNum>
      <code>unitUpgradeGold</code>
      <subCode>A</subCode>
      <name>병사 업그레이드 비용 감소</name>
      <desc><![CDATA[병사 업그레이드 비용 감소]]></desc>
      <isPercent>Y</isPercent>
    </ownSkill>
    <ownSkill>
      <kindNum>11</kindNum>
      <code>offlineMarch</code>
      <subCode>A</subCode>
      <name>오프라인 행군속도 증가</name>
      <desc><![CDATA[오프라인 행군속도 증가]]></desc>
      <isPercent>Y</isPercent>
    </ownSkill>
    <ownSkill>
      <kindNum>12</kindNum>
      <code>medalBuff</code>
      <subCode>A</subCode>
      <name>훈장버프 증가</name>
      <desc><![CDATA[훈장버프 증가]]></desc>
      <isPercent>Y</isPercent>
    </ownSkill>
    <ownSkill>
      <kindNum>13</kindNum>
      <code>treasureLimitBreak</code>
      <subCode>A</subCode>
      <name>유물 한계돌파 증가</name>
      <desc><![CDATA[유물 한계돌파 증가]]></desc>
      <isPercent>N</isPercent>
    </ownSkill>
    <ownSkill>
      <kindNum>14</kindNum>
      <code>gameSpeed</code>
      <subCode>A</subCode>
      <name>게임 기본배속 증가</name>
      <desc><![CDATA[게임 기본배속 증가]]></desc>
      <isPercent>Y</isPercent>
    </ownSkill>
    <ownSkill>
      <kindNum>15</kindNum>
      <code>treasureLimitBreak2</code>
      <subCode>A</subCode>
      <name>유물 한계돌파 증가</name>
      <desc><![CDATA[유물 한계돌파 증가]]></desc>
      <isPercent>N</isPercent>
    </ownSkill>
    <ownSkill>
      <kindNum>16</kindNum>
      <code>treasureLimitBreak3</code>
      <subCode>A</subCode>
      <name>유물 한계돌파 증가</name>
      <desc><![CDATA[유물 한계돌파 증가]]></desc>
      <isPercent>N</isPercent>
    </ownSkill>
    <ownSkill>
      <kindNum>17</kindNum>
      <code>activeSkillBuff</code>
      <subCode>A</subCode>
      <name>액티브스킬 효율 증가</name>
      <desc><![CDATA[액티브스킬 효율 증가]]></desc>
      <isPercent>N</isPercent>
    </ownSkill>
  </ownSkillList>
  <levelUpTypeList>
    <levelUpType>
      <kindNum>1</kindNum>
      <data>1|2|5|4#3|4|6|5#5|6|7|6#7|8|8|7#9|10|9|8#11|12|10|11#13|14|11|13#15|16|12|15#17|18|13|17#19|20|14|19</data>
    </levelUpType>
    <levelUpType>
      <kindNum>2</kindNum>
      <data>5|4|1|2#6|5|3|4#7|6|5|6#8|7|7|8#9|8|9|10#10|11|11|12#11|13|13|14#12|15|15|16#13|17|17|18#14|19|19|20</data>
    </levelUpType>
    <levelUpType>
      <kindNum>3</kindNum>
      <data>5|1|3|4#6|2|4|5#7|3|7|6#8|4|8|7#9|5|11|8#10|6|12|11#11|7|15|13#12|8|16|15#13|9|19|17#14|10|20|19</data>
    </levelUpType>
    <levelUpType>
      <kindNum>4</kindNum>
      <data>4|3|1|4#5|4|2|5#7|7|3|6#8|8|4|7#10|11|5|8#11|12|11|11#14|15|12|13#15|16|13|15#17|19|14|17#18|20|15|19</data>
    </levelUpType>
    <levelUpType>
      <kindNum>5</kindNum>
      <data>3|2|4|5#4|4|5|6#7|6|7|7#8|8|8|8#11|10|10|9#12|12|11|10#15|14|14|11#16|16|15|12#19|18|17|13#20|20|18|14</data>
    </levelUpType>
    <levelUpType>
      <kindNum>6</kindNum>
      <data>6|5|4|1#7|6|5|3#8|7|6|5#9|8|7|7#10|10|9|9#12|12|11|11#14|14|13|13#16|16|15|15#18|18|17|17#20|20|19|19</data>
    </levelUpType>
    <levelUpType>
      <kindNum>7</kindNum>
      <data>3|4|1|4#4|5|3|5#5|6|5|6#6|7|7|7#8|9|9|9#10|11|11|11#12|13|13|13#14|15|15|15#17|17|17|17#20|19|19|19</data>
    </levelUpType>
    <levelUpType>
      <kindNum>8</kindNum>
      <data>6|2|3|1#7|4|4|2#8|6|6|3#9|8|8|5#10|10|10|7#12|12|12|9#14|14|14|11#16|16|16|13#18|18|18|15#20|20|20|17</data>
    </levelUpType>
    <levelUpType>
      <kindNum>9</kindNum>
      <data>1|5|6|2#3|6|7|4#5|7|8|6#7|8|9|8#9|10|10|10#11|12|12|12#13|14|14|14#15|16|16|16#17|18|18|18#19|20|20|20</data>
    </levelUpType>
    <levelUpType>
      <kindNum>10</kindNum>
      <data>3|4|2|2#4|5|4|4#5|6|6|6#6|7|8|8#8|9|10|10#10|11|12|12#12|13|14|14#14|15|16|16#17|17|18|18#20|19|20|20</data>
    </levelUpType>
    <levelUpType>
      <kindNum>11</kindNum>
      <data>1|2|1|1#2|4|3|3#3|6|5|5#5|8|7|7#7|10|9|9#9|12|11|11#11|14|13|13#13|16|15|15#15|18|17|17#17|20|19|19</data>
    </levelUpType>
    <levelUpType>
      <kindNum>12</kindNum>
      <data>1|1|1|1#2|2|2|2#3|3|3|3#4|4|4|4#5|5|5|5#11|6|8|7#12|7|11|9#13|8|14|12#14|9|17|15#15|10|20|18</data>
    </levelUpType>
    <levelUpType>
      <kindNum>13</kindNum>
      <data>1|2|1|1#2|3|2|2#3|4|3|3#4|5|4|4#5|7|5|5#6|9|8|7#7|11|11|9#8|14|14|12#9|17|17|15#10|20|20|18</data>
    </levelUpType>
  </levelUpTypeList>
</main>